category_id,num_of_streamers
33214,7599
464339927,5070
509658,5065
27471,4196
32982,3610
516575,3435
32399,2870
21779,2475
23020,2391
18122,2335
1494,2084
512710,2040
29595,1701
491487,1635
624536948,1522
1264310518,1293
511224,1284
2112738408,1281
460630,1162
30921,1107
515025,969
491931,924
66082,836
2012789438,836
168648543,751
509660,733
493057,714
512953,620
272952894,602
26936,545
36799602,525
513143,481
1702520304,466
509672,445
263490,436
66170,427
518184,424
493959,423
551919008,405
500188,397
497057,383
513181,379
27546,366
19619,361
24241,352
401587136,351
1630982727,349
93798731,332
1669431183,320
272263131,311
66366,310
518144,303
1095275650,302
27284,302
65632,299
512923,296
1294658629,292
75467,291
499973,277
1599346425,272
997367275,257
65876,255
271304,251
1286077738,250
456845141,247
982348888,246
417752,241
515024,240
380978759,237
490377,234
459931,231
1081998272,225
41272850,222
511391,219
1517377137,214
262437666,211
460951,209
1910103699,200
1282866981,196
209738946,196
386821,191
505884,179
490744,178
1848745913,177
2132205352,176
31339,174
490147,173
1469308723,172
518203,169
489776,169
735904419,166
506246,163
515479,159
1757732267,159
494184,158
766571430,157
1036710512,155
21465,154
602959317,152
115977,151
1393304883,148
506456,146
41917829,146
1820378900,142
19554,140
344035090,134
508455,133
737987407,130
509659,130
1222194375,130
31376,130
30028,129
491168,128
331373906,127
497480,126
55453844,125
538054672,124
490292,124
417528,123
509673,123
488190,122
71375,120
369252,120
509538,119
102007682,118
518014,118
138585,116
513501,116
498566,116
478407715,114
296636215,113
504463,111
362339131,111
1584836809,110
497497,110
653624336,110
982017546,110
213930085,107
498592,107
1122982998,106
19357,105
871967156,104
98473926,103
499634,103
2060730947,100
458781,99
669337588,96
510218,96
518017,95
499856,94
1414860634,94
743,93
497509,92
512818,92
805991834,90
1337444628,89
495811,89
6369,88
1535225577,88
489635,88
65654,87
1441208453,87
960705568,87
31336,86
2068583461,86
1468,86
394568,84
778386489,84
494683,84
509663,83
499003,83
516866,83
460090,83
6521,83
2748,82
293693714,82
516173984,81
2094865572,80
7022,78
1672324422,77
489401,77
512980,75
1348809580,74
514858,74
1515862749,74
848400095,74
23453,73
509670,73
1119642287,72
497304,72
32502,72
1313351584,72
509511,71
2011938005,70
329951934,69
451007760,69
518213,68
1749963163,66
904864974,66
517330,65
417969,64
488910,64
1967084783,64
1050003477,63
490644,63
460316,62
490382,62
20596,62
12839,61
490422,61
489170,61
197489698,61
515066,60
460636,60
13389,60
2085980140,60
506415,59
22848,59
369418,59
511701,58
499765,58
223869970,58
519291,57
1354355809,57
250649084,57
494925,57
8259,57
771448419,57
29056,57
1362102608,57
762292943,56
376500771,56
506274,56
18846,56
494099,56
13332,55
492934,55
506416,54
68351,54
29106,53
515474,53
511295,53
418016,52
1826300051,52
512782,52
1846512643,51
1628434805,51
11557,51
29307,50
12924,48
130942,48
24193,47
460637,47
1568081763,47
506078,47
1397210469,47
313197,47
1913410799,47
502829,47
509577,47
502732,47
504461,46
510590,46
1788326126,46
1074044196,46
278888515,45
24438,45
497467,45
19976,45
515586,45
2104758320,45
1366210635,44
509110,44
1311010677,44
491117,44
490100,43
431065997,43
490948,43
509667,43
32959,43
766548668,43
20050,43
511864,43
2009321156,42
1028198402,42
1959131435,42
1987896617,42
1262047844,41
498417,40
9891,40
496902,40
2013539540,40
512998,40
4789,40
488634,39
491381,39
18707,39
10609,38
1102949822,38
1960341762,38
666511413,38
515349,38
512709,38
9618,38
16676,38
801541637,38
532988445,37
512034,37
369579,37
458912,37
518873,37
29452,37
1654,36
33180,36
655697363,36
1136666301,36
1023750977,36
505084,35
212742304,35
516086,35
460620,35
3951,35
772157971,35
23857,35
497456,35
2083,35
1133341572,35
498289,35
15229,35
2126767263,35
512971,34
497454,34
498482,34
2090279789,34
942317893,34
518379,34
518015,34
519492,34
43579844,34
19801,34
2692,33
13263,33
114524791,33
459676,33
116747788,33
8645,33
2014795392,33
2126813945,32
504462,32
492535,32
80607,32
457975278,32
670867987,32
32736074,32
516588,32
20941,32
1064893715,32
252812003,32
1275666892,31
1984929743,31
488479,31
512821,31
497440,31
273333352,31
515214,31
745589378,31
1331855755,31
1112609075,31
18808,31
110758,31
1630297266,31
7193,31
489335,30
30740,30
513589,30
1407096487,30
21934,30
1173887206,29
31750,29
492035,29
518007,29
666506999,29
1320984402,29
1361476377,29
1106985046,29
889298168,29
506410,28
503446,28
494552,28
34222,28
687129551,28
504735,28
266795834,28
1780647523,27
497078,27
512534,27
394801804,27
73586,26
2143096682,26
1515015750,26
10322,26
143106037,26
459064,26
118198,26
489721,26
491878,26
494839,26
936822813,26
516984,26
518692,26
33437,25
506462,25
1241582824,25
1244970157,25
490386,25
19731,25
492546,25
400407464,25
489297,25
512226,25
9435,25
1637021799,25
623821345,25
376617167,25
1995842324,24
1115711128,24
482579574,24
493551,24
1135492840,24
369380,24
2115231542,24
490713,24
506407,24
509664,24
1834407033,24
232131679,24
665425234,23
505371,23
715052357,23
1819887434,23
1678052513,23
623291583,23
509671,23
369585,23
1229,23
1041,23
1937599489,23
11988,23
1421097847,23
2066107586,23
1630435000,22
16051,22
1393020629,22
1668881185,22
364677525,22
505705,22
459327,22
702495428,22
494436328,22
496697,22
18763,22
1924563761,22
497388,22
497410,22
1158884259,22
468533702,22
1447325110,22
1428314242,22
774680424,21
10710,21
491220,21
23894,21
496431,21
493997,21
435870350,21
1397606945,21
1230742965,21
965771331,20
496712,20
1406899016,20
1910324696,20
491870,20
1222247252,20
493815,20
492553,20
140035,20
835934329,20
627798963,20
1398657661,20
458443,20
29918,20
458641,20
511195,19
441530517,19
506438,19
20061,19
493125,19
217432230,19
510578,19
712125648,19
1798838504,19
2058566581,19
1730526563,19
26881,19
11989,19
1089655891,19
516801,19
496960,19
505257,18
313558,18
343455332,18
1253800827,18
613430080,18
19745,18
2124871354,18
512708,18
493174,18
490374,18
491180,18
726936393,18
67647,18
512341,18
17828,18
25751086,18
1448308190,18
508662,18
2133072147,18
567262878,18
620146360,18
509862,18
1594393054,17
1109059789,17
868689686,17
508948,17
391475,17
506468,17
505963,17
509549,17
275186889,17
2059463486,17
1258270417,17
1580396182,17
1075600787,17
1960201900,17
1760371307,17
491318,17
511399,17
519528,17
8271,17
494806,17
506760,17
966704637,16
514888,16
506442,16
499551,16
375403621,16
1757868477,16
508798,16
413569,16
678842894,16
1945861843,16
1414211237,16
498668,16
350892884,16
743214338,16
1833694612,16
32345,16
510202,16
252001732,16
1330093788,16
24872,16
518006,16
1470211036,16
14842174,16
16282,16
780037970,16
490413,16
1471416868,16
1414406743,16
1975639786,16
1936054038,16
512864,16
512070,16
1091548342,16
97210601,15
2092725748,15
459839,15
535020156,15
65997,15
497432,15
34025,15
497451,15
898206463,15
1868360962,15
489136,15
67637,15
491177,15
493280,15
2755,15
1938435210,15
18871,15
983841243,15
12482,15
503116,15
503233,15
458619,14
514974,14
1388848972,14
838226069,14
382835903,14
509725,14
513553,14
608663369,14
14543,14
458353,14
177579460,14
495122,14
1228709591,14
460696,14
489111,14
21842902,14
491115,14
490378,14
2770,14
512121,14
957620847,14
880825863,14
497118,14
73914,14
449612235,14
1127193950,14
493618,14
3151,14
1728683467,13
556907291,13
1374834939,13
276369854,13
32507,13
1520501777,13
494364,13
1071265762,13
511212,13
16145,13
16967,13
1299144050,13
1286840579,13
1274672891,13
125264560,13
1269041770,13
633454324,13
1312214340,13
1317379021,13
19180,13
65950,13
510117,13
519103,13
518186,13
14333696,13
518019,13
490959,13
3623,13
1450386257,13
1468190144,13
1743359147,13
34134,13
1115993535,13
517947,13
1413930024,13
68016,13
506412,13
506489,13
2109666737,13
91419,12
504651,12
508292,12
65953,12
65706,12
227689960,12
481086259,12
9954,12
1540116959,12
1768794134,12
512033,12
495961,12
15013,12
1735523241,12
497301,12
1982936547,12
1478888065,12
5360,12
1044890345,12
389876637,12
495711,12
18958,12
492930,12
492547,12
782322359,12
843201057,12
21812,12
493388,12
750209762,12
495359,12
975815975,12
2058220722,12
155409827,12
153495031,12
509529,12
494162,12
506452,12
509066,12
286759738,12
29635,12
488607,12
119464928,12
749092120,12
1945673289,12
66402,12
489767,12
489201,12
763313082,12
27602,12
190782608,12
171397398,12
22393,12
490919,12
814559054,12
614806865,11
2021334265,11
513949,11
1280358639,11
512987,11
1067830406,11
511746,11
5126,11
3412,11
423594505,11
491572,11
836519689,11
511848,11
1622285067,11
1147745783,11
486102336,11
2146039317,11
1438678100,11
32542,11
1791670656,11
1089659237,11
21136,11
15134,11
167365321,11
1280007947,11
1378799411,11
33175,11
264231625,11
764973368,11
1583524579,11
686119195,11
1890919318,11
15943,11
511743,11
225471887,11
508402,11
2121806469,11
493217,11
313331,11
1673899638,11
570744418,11
5784346,11
7595,11
490702,11
461221,11
29433,10
476269,10
1236225398,10
723544889,10
1274531553,10
461522,10
19423,10
542560980,10
488500,10
509249,10
1581126534,10
27101,10
1420,10
506089309,10
518256,10
987123848,10
8090,10
1846570260,10
89250567,10
1196356222,10
418410192,10
1614555304,10
487237675,10
517645,10
394740720,10
1623295960,10
489308483,10
517159,10
460619,10
1260,10
459527,10
504199,10
1292110812,10
458224,10
1821414279,10
518630,10
66410,10
29179,10
801121736,10
40880368,10
11282,10
30924,10
602694215,10
625782232,10
1982955044,10
1986835154,10
1334543669,10
498744,10
1250647518,10
2711,10
461389,10
1751366933,9
506413,9
504508,9
207,9
494431518,9
497437,9
113749,9
1923236616,9
818770426,9
492113,9
1604283682,9
418063,9
510056,9
1293419931,9
1462834331,9
1131336879,9
1424094140,9
493549,9
943320949,9
493069,9
496503,9
21101,9
103828,9
497412,9
1555754930,9
1538476028,9
459755,9
247865501,9
498000,9
26315408,9
956682664,9
1863055416,9
1869211376,9
519433,9
490379,9
1671346441,9
511748,9
1993079020,9
79499989,9
744803366,9
25416,9
485406812,9
494082,9
498523,9
1297192479,9
467024621,9
1000184693,9
514194,9
15631,9
19275,9
2018903128,9
628949545,9
717461581,9
460695,9
28924,9
1242907947,9
83418,9
535155317,9
27103,9
107194810,9
500008,9
496253,9
497103,9
494508,9
494995,9
322063165,9
1804231074,9
1801167658,9
500628,9
457724187,8
2133075861,8
324223699,8
1800210567,8
497334,8
493926,8
494141,8
1861044388,8
164168115,8
1846293708,8
95777581,8
723461364,8
2015434764,8
1998460476,8
977067351,8
514013,8
18888,8
72120714,8
280721,8
369183291,8
347755241,8
1853781077,8
512930,8
27596,8
511668,8
24096824,8
955166543,8
1584745140,8
510389,8
498807,8
610838819,8
460327,8
490655,8
518876,8
490425,8
1647925453,8
1647019194,8
735602708,8
518222,8
1989098514,8
1981284098,8
68000,8
450732811,8
497385,8
512337,8
833108418,8
1919145068,8
1370778725,8
1362185105,8
14766,8
414822821,8
981483398,8
941530474,8
493597,8
19714,8
518016,8
919012536,8
8489,8
496885,8
493081,8
1130051931,8
1541524618,8
489457606,8
459382,8
500405,8
483277575,8
502914,7
503018,7
505473,7
1535635666,7
2092908941,7
506458,7
2076301137,7
2086806174,7
2091165871,7
369509,7
271329153,7
1707112873,7
458900,7
614192120,7
1833197007,7
175235379,7
185606059,7
461449,7
149675302,7
155820977,7
687499288,7
4449,7
654543582,7
368936,7
369259,7
349626339,7
1754564141,7
741249831,7
24239,7
1629774880,7
23239,7
22959,7
491705,7
1489336423,7
896525007,7
905232303,7
858043689,7
517528,7
517749,7
10775,7
492778073,7
6086,7
1780220882,7
492605,7
492731,7
492810,7
922931567,7
1418594934,7
516089,7
20810,7
978297816,7
2897,7
1941249372,7
515381,7
1931776829,7
1021622343,7
514207,7
494155,7
515156,7
1956841871,7
514166,7
19006,7
512957,7
18906,7
1083036494,7
18775,7
496735,7
9414,7
497431,7
497439,7
512354,7
497248,7
1200871695,7
16580,7
9611,7
1559845263,7
1174942814,7
16937,7
1248633549,7
511471,7
1290987762,7
510580,7
510586,7
1297497516,7
498983,7
1360792487,7
1308902712,7
1391339485,7
463659004,7
435756294,7
437499380,7
2106425216,7
508445,7
505786,6
539,6
2113043143,6
26476,6
1892146801,6
489063,6
106565812,6
490432,6
1734202623,6
1433665303,6
1427027827,6
2028408685,6
633127529,6
488564,6
518764,6
1908293093,6
491909,6
1600310041,6
893956103,6
890558948,6
28834,6
863451903,6
1623970547,6
14805,6
509698,6
118200,6
65867,6
1775804061,6
1771060953,6
2058351979,6
1617903053,6
1488417149,6
1480440720,6
460501,6
460384,6
168850344,6
461246,6
7665,6
10767,6
492287,6
1818,6
2009742488,6
1290989747,6
33882,6
33734,6
486610138,6
367176203,6
498821,6
5288,6
1809772714,6
460508,6
1411398523,6
928412879,6
516789,6
368205,6
340920845,6
520083701,6
1207783470,6
511665,6
498123,6
511385,6
511229,6
510911,6
20152,6
20063,6
947947891,6
1426040084,6
493048,6
19622,6
957103328,6
19589,6
1129937420,6
1547266159,6
515881069,6
415871,6
279014883,6
975920470,6
19156,6
988100999,6
1937002451,6
561013832,6
417973,6
255386500,6
253234167,6
251199992,6
514891,6
494131,6
2709,6
1952699919,6
1094044362,6
1697689354,6
1079495885,6
512551,6
496881,6
32207,6
514079,6
495062,6
89297,6
1405679224,6
4667,6
1835475218,6
95222265,6
26175,6
68018,6
420131540,6
1467844705,6
1745202732,6
10373,6
10229,6
2120403770,6
2098897146,5
1540019723,5
503456,5
508698,5
1506110656,5
2138512149,5
418721827,5
91423,5
451386856,5
489611,5
489648,5
27377,5
1844240884,5
659192029,5
667377300,5
27921,5
502918,5
2070714813,5
428452832,5
495061,5
513753,5
494558,5
18933,5
18950,5
19009,5
31761,5
264365784,5
417749,5
1582968846,5
514205,5
514245,5
514661,5
1143024882,5
512895,5
1703278625,5
5682,5
496497,5
495764,5
496044,5
512968,5
1951012895,5
493835,5
1732431919,5
31551,5
19157,5
19419,5
497471,5
511841,5
1559544038,5
330654616,5
1179993469,5
2274,5
497443,5
496853,5
17179,5
17447,5
9446,5
515482,5
954250822,5
31410,5
597346393,5
515619,5
516064,5
20932,5
939383781,5
15866,5
511554,5
17000,5
530998549,5
533344586,5
324573,5
369075,5
516921,5
621254945,5
1814419969,5
1829367372,5
5097,5
516944,5
517282,5
517401,5
517447,5
517515,5
14198,5
510336,5
498638,5
499132,5
2005329090,5
362350179,5
504371622,5
1757,5
492504,5
7689,5
461410,5
29975,5
30720,5
10953,5
14678,5
1313679836,5
1318043161,5
6187,5
6715,5
1320785158,5
13420,5
15062,5
1303110301,5
903240317,5
21222,5
29099,5
518020,5
1901799151,5
491437,5
518022,5
518086,5
847929177,5
491289,5
491327,5
518607,5
799246612,5
488559,5
488758,5
145906249,5
7830,5
812390967,5
815708878,5
519260,5
2777177,5
456360118,5
13564,5
13732,5
13765,5
1356530436,5
1358933623,5
2045265684,5
126261,5
11103,5
11258,5
11386,5
1736914392,5
7839,5
780943616,5
1863222988,5
1869092879,5
747702304,5
28576,5
488818,5
488820,5
127694361,5
730238586,5
25417,5
446808397,5
2080474707,5
2110772121,5
505980,5
55,4
584,4
235,4
6675,4
422586554,4
67824,4
502377,4
13050,4
1389092631,4
717666273,4
4327,4
653624902,4
469848814,4
1434,4
500552,4
500560,4
14562,4
14605,4
1316961559,4
1317595182,4
6263,4
1767132907,4
394758168,4
6756,4
478314500,4
65360,4
479862517,4
45083233,4
53213670,4
489545,4
727515478,4
26986,4
25145,4
489668,4
66930295,4
84504405,4
693458936,4
28557,4
27127,4
103890370,4
488974,4
107311203,4
4222,4
1898103870,4
490105,4
14371,4
510530,4
2009501022,4
1266352245,4
373507605,4
488335006,4
1762370869,4
498302,4
8118,4
1881083535,4
745958128,4
763595669,4
24238,4
24623,4
24636,4
498458,4
1247639610,4
498215,4
1191228681,4
1191655319,4
33389,4
521979070,4
527236373,4
369316,4
369365,4
16582,4
497527,4
497697,4
511780,4
519192,4
519306,4
490446,4
490500,4
490537,4
17839189,4
490348,4
370472,4
412756,4
329597530,4
332885450,4
515621883,4
488635,4
636842200,4
637617244,4
640413150,4
809949568,4
1174671315,4
1180890490,4
1183023529,4
1185403782,4
2162,4
512101,4
512306,4
17324,4
17580,4
829248383,4
843600651,4
848979564,4
24165,4
9348,4
1114134903,4
1123231669,4
512693,4
512804,4
512887,4
1075593745,4
1076084581,4
1706428735,4
1713183937,4
7100,4
7158,4
1795884306,4
5492,4
5635,4
1808565595,4
1097401568,4
1496435078,4
1900396348,4
1901564987,4
3431,4
1097700395,4
1104224177,4
512981,4
1584758405,4
1585949885,4
18814,4
18889,4
910937926,4
876369548,4
28587,4
461492,4
166649486,4
1652175477,4
7348,4
1956277750,4
2400,4
513001,4
495202,4
495455,4
19023,4
1048998963,4
31875,4
31908,4
417838,4
417892,4
1787091957,4
1566403385,4
1571205119,4
494769,4
517505,4
1471610418,4
1492488443,4
1608308954,4
514857,4
544682640,4
1935520090,4
1003606006,4
1007639906,4
1016595934,4
1022719138,4
19490,4
976324957,4
976777994,4
1942870634,4
948446385,4
5160,4
31934,4
575087095,4
11854,4
11858,4
951160620,4
19829,4
595375512,4
31080,4
597712627,4
599619814,4
221814896,4
460102,4
458857,4
19858,4
962571700,4
493489,4
515865,4
516097,4
516294,4
12101,4
492738,4
506230,4
503977,4
10070,4
1505902948,4
1510583289,4
2137743085,4
1746823347,4
12789,4
504921,4
505015,4
1531824392,4
1534124527,4
1535286692,4
9698,4
10033,4
458881234,4
463447553,4
85857,4
506480,3
83755,3
77837,3
431371739,3
489534,3
1842715404,3
4392,3
671758193,3
673382043,3
28415,3
508391,3
502825,3
12232,3
12453,3
1446426412,3
1454243467,3
66254,3
477529029,3
478131056,3
1744360215,3
29329,3
460521,3
1808925171,3
1817233128,3
572418254,3
1414748474,3
11816,3
582373617,3
582382910,3
30826,3
216020981,3
216798026,3
226996866,3
242859128,3
20023,3
515537,3
547501449,3
554140890,3
556366820,3
982010916,3
995720898,3
1024034881,3
965935360,3
967669008,3
19401,3
1941028989,3
515517,3
20357,3
492789,3
922572471,3
925276826,3
618479630,3
170212668,3
191173415,3
460329,3
29981,3
30367,3
30475,3
1609205189,3
1610909511,3
514433,3
514580,3
494327,3
459104,3
247229579,3
251880403,3
7228,3
543862309,3
513913,3
494684,3
19020,3
260774925,3
417711,3
271501702,3
278640838,3
1785311486,3
32156,3
32742,3
1572860451,3
1579552694,3
517406,3
517568,3
10945,3
169076363,3
1055720961,3
1073354082,3
21563,3
461529,3
476339,3
476371,3
163875125,3
165873081,3
460641,3
29683,3
7424,3
512989,3
1966489811,3
2464,3
2634,3
513347,3
1600849257,3
10209,3
491769,3
491917,3
1903182640,3
1910993272,3
3470,3
3541,3
491403,3
495723,3
495933,3
512929,3
512983,3
8855,3
9250,3
1055115891,3
1550945263,3
9402,3
1116590313,3
17872,3
1127413268,3
496941,3
496259,3
18519,3
1712837864,3
6959,3
1795804476,3
5511,3
5951,3
7658,3
879952238,3
896117537,3
497429,3
497462,3
491704,3
518146,3
818633916,3
21938,3
844474088,3
850490686,3
491189,3
518402,3
518711,3
24203,3
790051672,3
790163050,3
1165363986,3
1548624818,3
796671761,3
137166123,3
144418804,3
488579,3
1679324192,3
1690221315,3
636432195,3
807746316,3
22820,3
23017,3
518902,3
1177491790,3
1189289434,3
16951,3
2271,3
1997284924,3
519579,3
490488,3
490696,3
15387281,3
1633335142,3
1982820182,3
1990746386,3
9479,3
9623,3
288839742,3
370460,3
415826,3
321506370,3
510749898,3
517865034,3
518873981,3
1207924918,3
16313,3
16553,3
522224787,3
337032217,3
346698353,3
368908,3
16592,3
1215521805,3
497659,3
497711,3
511850,3
519080,3
519224,3
490757,3
519358,3
510734,3
1642174625,3
1643351247,3
7883,3
23609,3
1864374139,3
1884881253,3
1889057295,3
756802928,3
24208,3
498329,3
1230556872,3
1233312672,3
498093,3
498160,3
1192189185,3
498859,3
498871,3
1263723897,3
1264082964,3
1269486009,3
1270322937,3
358302053,3
369207202,3
313146,3
313164,3
375877687,3
485100017,3
5975,3
15483,3
1938,3
1993,3
687646796,3
1630174498,3
27061,3
1859167198,3
105169862,3
488844,3
116082744,3
3947,3
25487575,3
499526,3
499641,3
499790,3
510044,3
510150,3
14890,3
14523,3
2045592890,3
2055262203,3
499859,3
500066,3
14700,3
6758,3
1751788085,3
65663,3
1329190748,3
500626,3
499463,3
490174,3
24799,3
489729,3
66099908,3
74153945,3
66246,3
1055,3
504689,3
1455596748,3
405189438,3
406330408,3
509132,3
509508,3
2030023289,3
1357872401,3
1528763908,3
2043627368,3
133423,3
694090535,3
725952850,3
489405,3
515630,3
1426873999,3
20716,3
942624075,3
493091,3
516624,3
317,3
506376,3
503932,3
1389129627,3
10266,3
10384,3
1505767674,3
1513709213,3
6511,3
2064978299,3
2134326347,2
505767,2
2130500323,2
2143844298,2
2103289961,2
505211,2
2115882958,2
569,2
663,2
791,2
2109314477,2
2114339342,2
1046,2
1232,2
1273,2
2093670720,2
2083664704,2
1598,2
2046477464,2
504502,2
506384,2
506406,2
504916,2
2056946408,2
2035559105,2
2042858917,2
1476,2
1497,2
1520,2
2030,2
2015656787,2
2024628907,2
2031365572,2
2031726168,2
1627,2
1640,2
503201,2
1810,2
2397,2
1974156747,2
1986391370,2
1990731722,2
1993590015,2
1993700191,2
1996053538,2
1969007352,2
2478,2
2635,2
1972660570,2
1941987062,2
1953774734,2
1956928026,2
509009,2
508509,2
508513,2
1962237626,2
1936295306,2
2955,2
2993,2
3014,2
1917258634,2
1922514805,2
1929688042,2
1929708455,2
3235,2
3549,2
3852,2
4162,2
501574,2
501632,2
508649,2
508685,2
1865647616,2
1868356881,2
1872074204,2
1872405818,2
1884146824,2
1885725941,2
4682,2
4719,2
1857123714,2
1864580964,2
1865070091,2
1832898108,2
1844151778,2
4382,2
509196,2
509256,2
501157,2
1828434451,2
4815,2
4918,2
5123,2
5258,2
1791611703,2
5620,2
5719,2
6410,2
1767350976,2
1768423951,2
499550,2
502050,2
502313,2
509402,2
1778360343,2
1786539857,2
1752404249,2
6120,2
6167,2
1748225499,2
6737,2
6855,2
1728081276,2
7135,2
1707018806,2
1710194296,2
499111,2
500627,2
1691122718,2
1692274562,2
1694957177,2
1695104761,2
1674298443,2
1674807430,2
7528,2
7673,2
7690,2
7778,2
1657670363,2
1660786795,2
1662339853,2
498434,2
498449,2
498459,2
499825,2
1645815836,2
7989,2
8042,2
8076,2
8110,2
8144,2
1631161787,2
1639504976,2
1606654351,2
8218,2
8242,2
8464,2
8510,2
1599735110,2
1600495710,2
497972,2
510585,2
510588,2
1603372251,2
1584532157,2
8668,2
8676,2
9182,2
9287,2
1557187997,2
1582603276,2
1582767179,2
1541934661,2
1543010453,2
1554533792,2
497572,2
511296,2
497883,2
9455,2
1529760181,2
1531079909,2
9964,2
1521500257,2
1524386601,2
1494074023,2
1496131859,2
1499221970,2
1502131773,2
11065,2
1478287544,2
497414,2
498210,2
1488315469,2
1457155279,2
1463372784,2
1464410789,2
10708,2
1447810239,2
11448,2
1453708234,2
1432406535,2
1432908059,2
1444334946,2
1419045868,2
11705,2
11869,2
11879,2
497411,2
497876,2
511844,2
511882,2
512043,2
512058,2
12093,2
12123,2
1409017406,2
1409252674,2
12270,2
12845,2
1393686646,2
1395402477,2
1396724191,2
496504,2
497156,2
1402483528,2
12870,2
12988,2
13328,2
13342,2
1363661410,2
1337324944,2
1342532599,2
13401,2
14528,2
14582,2
1317952081,2
1322168367,2
1322318463,2
497148,2
1331378776,2
1331738068,2
1335943195,2
1308071976,2
14286,2
1289124874,2
1278195333,2
1278286729,2
15285,2
15467,2
15512,2
16223,2
1262495852,2
1263430436,2
495856,2
495966,2
512984,2
513004,2
1269905984,2
1274294376,2
1249600852,2
16143,2
16570,2
16617,2
1230621171,2
1207546328,2
1208584884,2
1214355831,2
16480,2
16541,2
1191549523,2
1192093612,2
1193566814,2
1197054089,2
513567,2
495321,2
16893,2
16910,2
17124,2
1169348296,2
1173566249,2
1173950709,2
1174119429,2
1181932941,2
17343,2
17717,2
1145269210,2
1150440555,2
494249,2
494486,2
513597,2
513769,2
513906,2
514071,2
514179,2
1155295899,2
1159534097,2
1160473592,2
1127100998,2
1131749400,2
1137912957,2
1121129862,2
17777,2
17877,2
493890,2
514308,2
514426,2
514852,2
494134,2
18231,2
1114331153,2
1115469318,2
18749,2
18756,2
18791,2
1088478699,2
1095808830,2
1076293803,2
1078451966,2
1078541898,2
18381,2
493194,2
493221,2
493244,2
514930,2
493875,2
493877,2
1066067237,2
1068239917,2
18833,2
18864,2
18881,2
18884,2
1074401885,2
1054736276,2
1040463021,2
1040990164,2
1041090336,2
19030,2
1023301567,2
1024694500,2
1010685877,2
1014298833,2
1017334726,2
19096,2
19140,2
19259,2
19268,2
979918349,2
981041149,2
982171215,2
516606,2
515887,2
987334443,2
974800016,2
19369,2
19471,2
19483,2
955833519,2
19656,2
19729,2
20001,2
936945829,2
944124675,2
947703197,2
20119,2
492618,2
493018,2
493037,2
20423,2
20425,2
20650,2
20907,2
21088,2
914065119,2
918639382,2
920937099,2
928209989,2
886884423,2
895034933,2
899185268,2
899565932,2
872110389,2
872742502,2
517497,2
517542,2
516664,2
21407,2
849766772,2
855139363,2
858457321,2
838184267,2
842995836,2
23166,2
827997013,2
834363477,2
808460758,2
811337843,2
812908663,2
22720,2
22761,2
492502,2
492531,2
516915,2
517001,2
517109,2
517301,2
23078,2
786904833,2
790563148,2
798957208,2
800487433,2
775676790,2
23171,2
517585,2
517668,2
492234,2
492303,2
492361,2
23863,2
24324,2
747849228,2
751507360,2
752272261,2
752874500,2
755192564,2
739179365,2
744141048,2
25130,2
26360,2
518238,2
491175,2
517999,2
518013,2
518018,2
737093112,2
717164103,2
717910179,2
718432095,2
722491824,2
724901031,2
728194692,2
685022220,2
28394,2
28490,2
28580,2
27422,2
657649007,2
658335417,2
663812677,2
667334665,2
518901,2
491599,2
518024,2
518088,2
518205,2
678642617,2
685005254,2
645027740,2
29036,2
29053,2
29088,2
634415906,2
637565409,2
638072230,2
491170,2
491280,2
518377,2
518621,2
518875,2
30680,2
616657652,2
29420,2
601470178,2
603908831,2
29814,2
29873,2
30639,2
592813907,2
597258098,2
30851,2
31007,2
490701,2
490730,2
490732,2
519100,2
519257,2
519272,2
519302,2
490769,2
490771,2
568137041,2
570278441,2
578910847,2
490384,2
519380,2
519545,2
490564,2
560237920,2
31757,2
31836,2
540353146,2
542864045,2
545789340,2
549863442,2
523463652,2
534570752,2
535849236,2
32541,2
32656,2
33104,2
33178,2
8570120,2
11804720,2
16079015,2
17598420,2
490344,2
33416,2
523434393,2
491032618,2
493887283,2
496321134,2
502866917,2
505371550,2
509540211,2
511903010,2
484023564,2
33631,2
26677558,2
28200239,2
489794,2
33945,2
464823362,2
467499896,2
469758789,2
477532253,2
65718,2
460308244,2
461934448,2
66002,2
66236,2
442246166,2
450376300,2
67474,2
489642,2
489656,2
489671,2
490279,2
39532650,2
42087488,2
42682186,2
115546,2
115978,2
407922769,2
411019402,2
411135266,2
417844199,2
94084,2
76026004,2
60621698,2
62760102,2
489567,2
103831,2
126312,2
134405,2
140038,2
387778579,2
393329718,2
368384455,2
374711699,2
309493,2
313258,2
313521,2
347466298,2
351715590,2
357223907,2
489164,2
489272,2
489728,2
65975662,2
68008715,2
71387780,2
365898311,2
366613364,2
332934265,2
345368364,2
346078625,2
322803055,2
328956119,2
330649537,2
369530,2
369562,2
369567,2
488838,2
85288604,2
369591,2
309196919,2
310427916,2
320781129,2
370541,2
304355358,2
417810,2
417932,2
270059937,2
276636094,2
285233296,2
264085120,2
269359534,2
269774996,2
102565635,2
106675878,2
488782,2
417713,2
459279,2
247816922,2
256500723,2
448375,2
240178513,2
245885780,2
458842,2
220351133,2
220828788,2
223498983,2
459532,2
459754,2
489069,2
117104593,2
460041,2
229782888,2
207506430,2
210926332,2
212029556,2
218022830,2
218950908,2
197234813,2
197488739,2
197722329,2
199665106,2
461508,2
461534,2
129797603,2
140584091,2
175665548,2
183330426,2
184018545,2
187423292,2
160739900,2
163909586,2
460649,2
149833097,2
158745736,2
505964,2
506103,2
988,2
2129609820,2
252,2
187,2
59,2
2132925099,1
11,1
49,1
109,1
206,1
210,1
2098006574,1
2098262252,1
2098604343,1
2099118364,1
2100267563,1
2102824221,1
2105459068,1
2105827124,1
505432,1
505509,1
505586,1
506436,1
2115726149,1
2117767468,1
575,1
636,1
164947893,1
460644,1
460672,1
460686,1
147785284,1
147933132,1
151959766,1
152885349,1
154754087,1
155185231,1
155846637,1
461424,1
461450,1
505843,1
505939,1
506009,1
175380373,1
175548201,1
177569847,1
179895004,1
182632692,1
185837347,1
189254018,1
476439,1
488161,1
159250143,1
160555503,1
160988037,1
161006884,1
161930418,1
163564960,1
164328073,1
135379660,1
138071568,1
138716441,1
488436,1
488487,1
488492,1
460402,1
460504,1
460638,1
203941971,1
205310099,1
461066,1
461067,1
461161,1
461166,1
174891039,1
219526562,1
219608744,1
220019268,1
190138359,1
192198409,1
195425124,1
199207791,1
202433008,1
203727270,1
460381,1
476241,1
476380,1
476437,1
126296160,1
126493842,1
133230364,1
110052585,1
110560945,1
112197812,1
114351278,1
114437271,1
459841,1
460176,1
226507867,1
206398362,1
209330971,1
211010843,1
213099384,1
213528073,1
216316552,1
216385978,1
219332886,1
459001,1
220074709,1
220177395,1
224672446,1
459508,1
459616,1
459823,1
488518,1
488587,1
488632,1
144677612,1
145787409,1
488880,1
489050,1
107623799,1
108763890,1
458149,1
458421,1
458463,1
458510,1
234190310,1
234956744,1
235446742,1
240958737,1
242118541,1
243305548,1
245649373,1
458650,1
458656,1
458729,1
458778,1
458845,1
97787887,1
100100816,1
102962004,1
104491169,1
416015,1
416643,1
417721,1
417808,1
459341,1
247838891,1
248845985,1
252119037,1
254001721,1
255254148,1
417984,1
458128,1
258845537,1
259744956,1
260975974,1
262400435,1
264640782,1
267433955,1
268411426,1
117150894,1
120262637,1
120576680,1
123496666,1
123946565,1
489307,1
489326,1
489407,1
96418879,1
306525394,1
308555745,1
308613981,1
309029286,1
417866,1
417872,1
417968,1
270331087,1
271548206,1
275223393,1
275488920,1
275953216,1
279132086,1
279945453,1
286425818,1
258534807,1
370369,1
370378,1
414958,1
322233074,1
322411863,1
289321230,1
289552769,1
290961240,1
293214008,1
294781503,1
295498815,1
296434986,1
298000691,1
299613733,1
303134951,1
305060438,1
87816874,1
89618739,1
89734404,1
93001929,1
93525544,1
369575,1
369576,1
369577,1
369590,1
313969585,1
316023354,1
319560430,1
320975059,1
370316,1
370323,1
370364,1
369021,1
369306,1
322666419,1
324194362,1
324568485,1
326793505,1
369552,1
488788,1
488833,1
488843,1
488851,1
81920088,1
82073865,1
83600287,1
84124967,1
84877668,1
68648431,1
69548199,1
363046830,1
367383400,1
368339671,1
369625,1
369641,1
333151800,1
335969129,1
336704861,1
339989628,1
342100791,1
343102885,1
344685200,1
323777,1
368914,1
369311,1
369341,1
369345,1
349735934,1
349971132,1
351635956,1
356636909,1
358600422,1
489135,1
489210,1
489253,1
489738,1
64423444,1
65390551,1
65745440,1
67966706,1
386303001,1
389273361,1
390416856,1
396618229,1
397033090,1
369404809,1
370909963,1
371363444,1
372059971,1
374159355,1
375054356,1
283386,1
313189,1
313418,1
313444,1
313563,1
118204,1
126296,1
126313,1
129122,1
138581,1
143541,1
401439284,1
323193,1
375960865,1
377859951,1
378637544,1
380566506,1
381236110,1
383444760,1
384801218,1
385545687,1
54141724,1
55307200,1
59225422,1
62659189,1
63011887,1
63184239,1
94884,1
106645,1
107123,1
114185,1
397193738,1
397618469,1
398527808,1
398734154,1
399118349,1
399897645,1
431874399,1
68035,1
75810,1
79231,1
404648654,1
414371447,1
414700946,1
416454705,1
418892281,1
92930,1
76747837,1
79664757,1
80164420,1
81547232,1
53055272,1
53499901,1
44336949,1
67475,1
67584,1
67618,1
67662,1
67763,1
116815,1
420032000,1
422208436,1
422940211,1
424102892,1
425015625,1
426245309,1
427536706,1
429758445,1
430153340,1
90701,1
442450485,1
448146985,1
449524589,1
449608070,1
449994760,1
450518812,1
66450,1
489607,1
489609,1
490312,1
36289489,1
39728973,1
42663973,1
43353668,1
44005315,1
65637,1
65745,1
65801,1
65862,1
67834,1
68015,1
451345756,1
451728013,1
458192364,1
461656925,1
461974718,1
65955,1
65978,1
66000,1
66088,1
66089,1
35458465,1
36130417,1
36155611,1
489792,1
489815,1
33692,1
33707,1
33843,1
33952,1
66271,1
66406,1
466616113,1
469212619,1
470560304,1
473851400,1
476002612,1
478468002,1
481839681,1
482887410,1
484696624,1
488840708,1
33539,1
33581,1
33636,1
46287501,1
50391966,1
50442716,1
51193556,1
51685340,1
25733730,1
30100839,1
35392684,1
12010928,1
20590263,1
490337,1
33216,1
33243,1
33465,1
34072,1
34074,1
34135,1
489296222,1
491962037,1
495837244,1
496475877,1
502508167,1
504901183,1
65871,1
513015216,1
513314011,1
515053710,1
518924960,1
32979,1
33081,1
33086,1
33213,1
489836,1
489943,1
489944,1
490005,1
490130,1
4029125,1
5187742,1
6953471,1
556097834,1
557609183,1
557919214,1
558450461,1
525700863,1
527589972,1
531564029,1
535451475,1
32129,1
32182,1
32243,1
32506,1
32513,1
537350815,1
538590968,1
511910411,1
31809,1
31811,1
31906,1
31912,1
31941,1
31946,1
561028012,1
563970895,1
538724705,1
539681374,1
540920013,1
543745717,1
548120947,1
548794627,1
554673821,1
555632650,1
519570,1
519592,1
2039892,1
2054317,1
490436,1
490444,1
579594170,1
580954130,1
582372781,1
583754452,1
584763370,1
558893946,1
559403262,1
560231654,1
31575,1
31808,1
597761867,1
601362460,1
566022902,1
566794818,1
567132865,1
567767371,1
568403654,1
569869366,1
573534092,1
573700992,1
490349,1
490375,1
23460140,1
24537180,1
519495,1
519515,1
586873356,1
587807694,1
595636580,1
596427821,1
31192,1
31239,1
2866138,1
3395282,1
519253,1
519259,1
490887,1
490898,1
490905,1
31377,1
31444,1
31471,1
29232,1
29333,1
29407,1
29415,1
602392506,1
602857645,1
603456890,1
604525634,1
609106466,1
609194457,1
29793,1
30001,1
30014,1
30298,1
30391,1
584897817,1
518673,1
518715,1
639334765,1
641858105,1
642949991,1
642983497,1
643774725,1
612301803,1
612355184,1
612766140,1
615897131,1
615993466,1
620304710,1
621512233,1
622617934,1
29184,1
623775229,1
623879571,1
624848592,1
629321797,1
634439369,1
635766796,1
637572990,1
490957,1
491003,1
491020,1
519373,1
491283,1
491313,1
491324,1
491370,1
491371,1
672253654,1
673760473,1
680305541,1
645775558,1
649861112,1
649991126,1
651323423,1
28605,1
28655,1
28683,1
28798,1
28838,1
28938,1
29068,1
29105,1
29695,1
660784574,1
665049900,1
669197131,1
669720222,1
671829656,1
518884,1
519012,1
519075,1
519085,1
491467,1
491480,1
491498,1
491517,1
491586,1
491671,1
518147,1
706855393,1
709163865,1
709292565,1
685685680,1
27733,1
27761,1
27772,1
28027,1
28090,1
28125,1
28491,1
28513,1
28570,1
27449,1
651782460,1
653033967,1
728238016,1
728582794,1
728707156,1
27479,1
27534,1
27564,1
27626,1
686116244,1
689739068,1
696605418,1
696838866,1
700550196,1
702557032,1
703394733,1
704979750,1
706297117,1
491724,1
491732,1
491755,1
491774,1
491787,1
26745,1
26992,1
27051,1
27058,1
712902676,1
713914365,1
717567163,1
717653867,1
719596946,1
724617176,1
726580060,1
729235361,1
731106322,1
733861398,1
26274,1
26317,1
26367,1
26450,1
26454,1
26547,1
26552,1
518233,1
491243,1
491266,1
517875,1
517967,1
518012,1
757757181,1
759838730,1
760266726,1
738555236,1
738606351,1
742621569,1
743904225,1
744123275,1
745089379,1
745113661,1
24786,1
25087,1
25180,1
25244,1
25367,1
25546,1
24232,1
24305,1
24310,1
24394,1
24399,1
24517,1
24664,1
772303456,1
26078,1
26079,1
26181,1
745718720,1
747190566,1
752590871,1
754679985,1
755472421,1
492189,1
492210,1
492222,1
492378,1
492447,1
23307,1
23840,1
23880,1
23904,1
761207169,1
761479925,1
764537219,1
765672067,1
766247336,1
767948499,1
24206,1
807698152,1
772421245,1
773961660,1
776413376,1
779753261,1
780040564,1
782084880,1
783472562,1
785559672,1
23209,1
491986,1
492164,1
492178,1
491398,1
491464,1
517736,1
517390,1
22894,1
22899,1
22923,1
23050,1
24198,1
787856500,1
788221870,1
791968461,1
792055019,1
793593639,1
795263930,1
798041438,1
798539430,1
799416640,1
802849604,1
837265233,1
808366430,1
808406262,1
811670766,1
813021423,1
22708,1
22797,1
492487,1
492522,1
492528,1
492952,1
516957,1
517030,1
517063,1
517077,1
517174,1
22336,1
22400,1
22440,1
22554,1
23134,1
816473189,1
818212362,1
818918474,1
819402553,1
819884489,1
824959057,1
825851446,1
826169635,1
828938645,1
831934157,1
832958780,1
853664424,1
856782639,1
857676053,1
860619936,1
861243497,1
862272355,1
838254867,1
840507782,1
840623908,1
840833296,1
843060502,1
21815,1
22118,1
22137,1
22284,1
22334,1
516711,1
516728,1
516752,1
516767,1
516776,1
21168,1
21174,1
21282,1
21497,1
22574,1
22619,1
22665,1
844016894,1
846335571,1
846543538,1
847128914,1
867577698,1
867611082,1
870620989,1
874527712,1
874542488,1
875237908,1
876035584,1
21094,1
517404,1
517405,1
517507,1
516619,1
516636,1
516656,1
516701,1
516706,1
925838633,1
927756874,1
928614244,1
21548,1
21583,1
21725,1
21739,1
877647776,1
878393790,1
886844421,1
887731774,1
889640923,1
894812953,1
900784312,1
910614153,1
867264357,1
20803,1
20842,1
20919,1
20922,1
21075,1
932918563,1
933917302,1
910823524,1
913207284,1
914160858,1
918018204,1
920941716,1
921554808,1
922613020,1
923450962,1
924025573,1
516495,1
516543,1
516564,1
492966,1
492971,1
492978,1
493036,1
20282,1
20349,1
20350,1
928694871,1
929904723,1
20616,1
20618,1
20698,1
20699,1
19879,1
19943,1
963008843,1
939555737,1
940111995,1
940188387,1
944307801,1
20025,1
20188,1
20254,1
492578,1
492749,1
492776,1
492935,1
516385,1
516471,1
974960805,1
975817891,1
19493,1
19494,1
19499,1
19513,1
19552,1
20465,1
949818868,1
950028114,1
951675388,1
951951286,1
955109973,1
956456373,1
956713971,1
19841,1
515613,1
515629,1
515655,1
515670,1
515751,1
515783,1
515952,1
983939782,1
985609365,1
987277565,1
987297402,1
964600247,1
966064811,1
966225131,1
968005897,1
972447532,1
19329,1
19585,1
976448326,1
976530622,1
976628919,1
976993901,1
979332452,1
980217375,1
981105688,1
493042,1
493080,1
493159,1
493167,1
493503,1
515538,1
515584,1
1012081510,1
1014206491,1
1015031113,1
1016880124,1
1017537377,1
989318112,1
991521214,1
992881939,1
995104208,1
995175474,1
19110,1
19151,1
19170,1
19258,1
19277,1
19316,1
1023950301,1
1027255885,1
1027737370,1
1029902873,1
1029904029,1
1031533637,1
1032158332,1
1033885642,1
19330,1
997078770,1
999792519,1
1000656761,1
1002450798,1
1006424150,1
1009351538,1
1010981658,1
1037570605,1
18914,1
18915,1
18919,1
18924,1
18935,1
18954,1
18973,1
19054,1
1041216858,1
1017735046,1
1018469706,1
1019674856,1
1020159034,1
1022712591,1
1023436912,1
515218,1
515242,1
515325,1
515377,1
515386,1
515449,1
515454,1
515471,1
515478,1
1057015686,1
1057431629,1
1058345623,1
1061643308,1
1062834287,1
1036499588,1
1036610703,1
1043999398,1
1046204006,1
1049959238,1
1050017291,1
1052065999,1
1052116685,1
1052924669,1
1053154439,1
1055516282,1
516063,1
516082,1
516085,1
516096,1
516276,1
494081,1
494095,1
493826,1
18584,1
18703,1
18706,1
18717,1
18734,1
1064909817,1
1066065156,1
1067194382,1
18852,1
18886,1
18893,1
18894,1
18912,1
1074670131,1
1042236765,1
1075742836,1
1079803223,1
1080391310,1
1082952641,1
1085629117,1
18446,1
18566,1
493175,1
493317,1
514962,1
514976,1
514984,1
515072,1
515179,1
515195,1
515210,1
1116745944,1
1116969253,1
1117214384,1
1117578222,1
1118372332,1
18766,1
1085630079,1
1088307608,1
1089241698,1
1089930083,1
1095419511,1
1096610940,1
1097182282,1
1098136294,1
1099872086,1
1101172730,1
514790,1
514795,1
494142,1
18156,1
18168,1
18181,1
18324,1
1101694440,1
1102857083,1
1102899018,1
1103329864,1
1105463594,1
1106398281,1
1110250124,1
1113825096,1
1114147170,1
1118865225,1
1122312301,1
17757,1
17785,1
17794,1
17945,1
18042,1
18114,1
493899,1
493962,1
493982,1
494026,1
514394,1
514486,1
514575,1
514740,1
494694,1
1156128362,1
1162602094,1
1122789015,1
1128241679,1
1128650841,1
1129869117,1
1130571305,1
1131770924,1
1132837349,1
1135240184,1
1135530810,1
1136944707,1
1138083028,1
1139103830,1
1143077752,1
1145585049,1
1147855424,1
1150176398,1
1150544077,1
1153521102,1
1153896686,1
1154141491,1
1154929982,1
494232,1
494377,1
494507,1
513615,1
513789,1
513889,1
494556,1
494570,1
1182598143,1
1162901384,1
1162935235,1
1163124934,1
17236,1
17252,1
17282,1
17481,1
17500,1
17517,1
17573,1
17616,1
17660,1
17661,1
1164880443,1
1144229395,1
16824,1
17010,1
17016,1
17085,1
17122,1
17176,1
1165126140,1
1166288653,1
1168124848,1
1171246559,1
1171932585,1
1174562800,1
1174705424,1
1175670454,1
1176563738,1
1179447665,1
495064,1
495314,1
495323,1
495378,1
1197133103,1
1197213305,1
1198379037,1
1199725270,1
1201646654,1
1183847148,1
1184012414,1
1187644755,1
1188817532,1
1189177510,1
16653,1
16791,1
1190587387,1
1190950645,1
1192443145,1
1193214592,1
1193677737,1
1196766363,1
494792,1
494807,1
494840,1
494876,1
495029,1
513190,1
513413,1
513497,1
513525,1
513535,1
1229495794,1
1231414719,1
1231682683,1
1239432300,1
1202054855,1
1203449551,1
1208869512,1
1211531853,1
1213167196,1
1213861142,1
16256,1
16328,1
16400,1
16407,1
16515,1
1189366109,1
15825,1
15990,1
16027,1
16082,1
16106,1
16119,1
16175,1
16564,1
1219971668,1
1221671590,1
1221672113,1
1222084749,1
1224519187,1
1224560381,1
1224724068,1
1227893925,1
496047,1
496110,1
496142,1
496166,1
496200,1
513000,1
1266425811,1
1268327631,1
1275751648,1
1239940214,1
1242184979,1
1243798847,1
1248698972,1
1249420345,1
15621,1
15667,1
15554,1
15583,1
1249868373,1
1253966976,1
1254885825,1
1261336650,1
1261897788,1
1264058012,1
1264425929,1
1265890659,1
495494,1
495563,1
495577,1
495581,1
495582,1
495927,1
14803,1
14846,1
14864,1
14964,1
14980,1
15082,1
15084,1
1275897219,1
15180,1
15198,1
15257,1
15267,1
15320,1
15423,1
15477,1
15510,1
1303508598,1
1305300694,1
1305607436,1
1305716282,1
1306936545,1
1308655139,1
14245,1
14432,1
15593,1
1278791066,1
1285166388,1
1285768241,1
1286767568,1
1290216026,1
1291973981,1
14742,1
497059,1
512629,1
512740,1
496203,1
496236,1
496373,1
496464,1
496471,1
1325278295,1
1331751206,1
15141,1
15178,1
1295347933,1
1297297595,1
1301373076,1
1302546255,1
13868,1
13961,1
14138,1
14478,1
14599,1
14632,1
1316522317,1
1319276331,1
1323514426,1
513012,1
513021,1
513050,1
513056,1
513072,1
496983,1
497053,1
1369860298,1
1371351268,1
1371539568,1
1376327401,1
1379208495,1
1379232309,1
1337818172,1
1345691577,1
1348737879,1
13411,1
13513,1
13599,1
13606,1
13686,1
13791,1
13867,1
12985,1
13023,1
13049,1
13206,1
13248,1
13354,1
1387561067,1
1349154102,1
1350082371,1
1353605418,1
1356088668,1
1356796698,1
1364053756,1
1364584027,1
1365318504,1
1366608230,1
512373,1
512423,1
512527,1
497242,1
497267,1
497315,1
497344,1
1402567252,1
1404022813,1
1404354587,1
1405134282,1
1380650739,1
1380927042,1
1386410498,1
12911,1
12983,1
1412046403,1
1388250717,1
1388445676,1
1389224614,1
1390353533,1
1391915212,1
1397834678,1
1399544207,1
1399681620,1
496490,1
496499,1
496648,1
495636,1
512266,1
512303,1
512353,1
511995,1
512017,1
12141,1
12189,1
1425710341,1
1408817056,1
12369,1
12577,1
12694,1
12759,1
12794,1
12801,1
12826,1
12830,1
12840,1
1409802240,1
1446269363,1
1415251014,1
1417293760,1
1421633446,1
1422832474,1
11849,1
11912,1
12078,1
497346,1
497350,1
497383,1
496753,1
497852,1
511830,1
511842,1
511922,1
11432,1
11520,1
11598,1
11693,1
1429674651,1
1431587018,1
1433182124,1
1433808140,1
1435456762,1
1435913851,1
1436037152,1
1436968331,1
1438487211,1
1438744626,1
1444831815,1
1445717501,1
1460641252,1
1463477167,1
1464746370,1
10783,1
10818,1
10851,1
10872,1
1451337777,1
1452305763,1
1453277658,1
11166,1
11172,1
11218,1
11251,1
11406,1
11429,1
511571,1
511656,1
511728,1
511734,1
511749,1
511752,1
497545,1
1487424848,1
1488786104,1
1490242363,1
1492453896,1
1455421188,1
1456551262,1
1456782999,1
1458157556,1
1459947934,1
10882,1
10982,1
11045,1
11089,1
1471805955,1
1472802196,1
1477089129,1
1478972790,1
1482819933,1
497434,1
497465,1
512073,1
512186,1
498211,1
498261,1
511465,1
1519248197,1
1525244369,1
1525333074,1
1525418733,1
1498108698,1
1498346737,1
1498889348,1
1501481623,1
1504306086,1
1505174356,1
10126,1
10133,1
10254,1
10389,1
10436,1
10453,1
9975,1
9994,1
10081,1
10090,1
10118,1
1538620476,1
10461,1
10470,1
10534,1
10575,1
1511581722,1
1515498873,1
1517221989,1
1517856097,1
1517883421,1
1519193002,1
511183,1
511211,1
511335,1
511396,1
497915,1
9522,1
9531,1
9664,1
1556973034,1
1527999811,1
1529560085,1
9726,1
9778,1
9786,1
9821,1
9861,1
1540477150,1
1544878267,1
1548985796,1
1549363523,1
1554052134,1
9322,1
9328,1
9427,1
497587,1
497615,1
497791,1
497818,1
498508,1
510877,1
510879,1
510958,1
9248,1
9282,1
9318,1
1557946295,1
1562861484,1
1564331879,1
1565051033,1
1570280660,1
1573450322,1
1573819286,1
1575120516,1
1576336312,1
1576688721,1
1578360216,1
1579549057,1
1581876761,1
510825,1
510874,1
498304,1
498327,1
1601959379,1
1602652834,1
1604074149,1
1604702426,1
1584362682,1
8654,1
8734,1
8867,1
8873,1
8978,1
9140,1
9178,1
1596773279,1
1597660489,1
1597674897,1
1597926085,1
1598046266,1
1599683849,1
1601389319,1
497985,1
498129,1
498153,1
498201,1
510441,1
510577,1
510582,1
510589,1
510596,1
1639023982,1
1639599709,1
1640311153,1
1606341796,1
1608807548,1
1612533333,1
1612942720,1
1613508980,1
8194,1
8282,1
8315,1
8481,1
8515,1
8543,1
1587027698,1
1595783367,1
8095,1
8105,1
8150,1
8156,1
1646720021,1
8586,1
8587,1
1615809548,1
1616065345,1
1617839287,1
1621885485,1
1626978070,1
1628288810,1
1631773331,1
1633029827,1
1634342645,1
510194,1
510197,1
510203,1
510224,1
510366,1
498650,1
1666023148,1
1666257440,1
1668092773,1
1670396123,1
1671221311,1
1640848928,1
1642325524,1
7853,1
7884,1
8006,1
7534,1
7542,1
1648388952,1
1655876188,1
1656855126,1
1662245068,1
1662307461,1
1664097685,1
1665150412,1
1665995618,1
498386,1
498421,1
510000,1
510012,1
510090,1
510100,1
1681200390,1
1683819078,1
1684693380,1
1687114243,1
1687293423,1
1689442188,1
1691026305,1
1693180814,1
1672045667,1
1673876534,1
1674286069,1
1674795280,1
1675235004,1
7335,1
7422,1
7457,1
509893,1
509932,1
509963,1
509974,1
499272,1
499370,1
499461,1
1711383322,1
1711663324,1
1712228406,1
1713359806,1
1715624762,1
1676373735,1
1676523243,1
1677489258,1
1680364352,1
1700958038,1
1702740168,1
1704221677,1
1706851742,1
1707173800,1
1708659358,1
1709058318,1
1709063552,1
1709696975,1
498652,1
498777,1
498914,1
499254,1
500231,1
509677,1
509699,1
1741878130,1
1716314459,1
1716516651,1
1721332418,1
1722339164,1
1724063925,1
1724638557,1
7056,1
7103,1
7109,1
7125,1
7157,1
7166,1
7212,1
7276,1
7295,1
6900,1
1752047924,1
1726963876,1
1729341468,1
1729500129,1
1730153592,1
1731170673,1
1731389160,1
1731558848,1
1735094656,1
1735639916,1
1737225095,1
1740064849,1
1740761174,1
1741069539,1
1741699785,1
6108,1
6134,1
6149,1
6151,1
6256,1
1742328506,1
1746957274,1
1749235944,1
1750936240,1
6454,1
6676,1
6733,1
6761,1
6818,1
6874,1
6887,1
509423,1
509506,1
509510,1
509588,1
509614,1
1779840042,1
1783074489,1
1788292789,1
1752835922,1
1754504231,1
1756782008,1
1756849208,1
1758972050,1
1761949394,1
1763334326,1
6040,1
5892,1
6330,1
6368,1
1766863044,1
1770856828,1
1771631982,1
1774510513,1
1776039071,1
1777929535,1
499537,1
499566,1
499735,1
499808,1
502307,1
502314,1
502448,1
1821905384,1
1821969606,1
1824567799,1
1825533514,1
1794145233,1
1797114920,1
1798399475,1
1798919967,1
5396,1
5406,1
5562,1
5567,1
5804,1
5815,1
5887,1
5890,1
5218,1
5262,1
5338,1
1830323152,1
1801422615,1
1803513930,1
1804808517,1
1804964602,1
1805135588,1
1808330168,1
1808969818,1
1812391707,1
1812610012,1
1814232683,1
1816749448,1
1820819463,1
509356,1
500963,1
501087,1
501240,1
4469,1
4499,1
4501,1
4545,1
4671,1
1827019334,1
1828781250,1
1828805549,1
4826,1
5035,1
5085,1
5105,1
1833267150,1
1838305295,1
1838595458,1
1842691417,1
1845717666,1
4267,1
4459,1
509619,1
499831,1
500039,1
500090,1
500224,1
509102,1
509185,1
509212,1
509244,1
1885576716,1
1886145673,1
1889189298,1
1889588160,1
4714,1
1846723828,1
1847851872,1
1850336454,1
1855321584,1
1855871985,1
1859883907,1
1860281896,1
1861219798,1
1861255220,1
1862702985,1
1832879135,1
508708,1
508716,1
508760,1
508773,1
508776,1
4185,1
4228,1
4230,1
1894461190,1
1896974737,1
1867864484,1
1867948446,1
1869113549,1
1879458867,1
1881949588,1
1883279835,1
3521,1
1890332674,1
1891106537,1
3564,1
3587,1
3741,1
3907,1
4078,1
4133,1
501470,1
501582,1
501784,1
508600,1
508652,1
508661,1
508669,1
1926459265,1
1929630891,1
1898305923,1
1901655234,1
1902038687,1
1902527661,1
1907637605,1
3075,1
3123,1
3130,1
3160,1
3176,1
3196,1
3331,1
3334,1
3359,1
2835,1
2846,1
2848,1
2963,1
2977,1
2992,1
1914294032,1
1914574520,1
1917609308,1
1921902342,1
1922038493,1
1923144012,1
1923473990,1
1924764236,1
1925317806,1
1925970606,1
508403,1
508440,1
508508,1
508514,1
502751,1
502901,1
1961718812,1
1964246040,1
1965761825,1
1965979546,1
1932271956,1
1933145458,1
1937092890,1
1940679946,1
2787,1
2809,1
1969863259,1
1943576044,1
1947304770,1
1955635111,1
1955669154,1
1956574897,1
1957229442,1
1959204573,1
1959536846,1
508992,1
509019,1
509058,1
509083,1
507697,1
507909,1
508297,1
1983880174,1
1985775240,1
1986927163,1
1993494439,1
1995656335,1
1967822576,1
1968720930,1
2467,1
2502,1
2506,1
2507,1
2598,1
2607,1
2629,1
2673,1
2686,1
2126,1
2147,1
2153,1
2209,1
2224,1
2277,1
2297,1
2312,1
2399,1
1997110819,1
1997762304,1
1975644483,1
1976702224,1
1979465995,1
1982326230,1
1982386819,1
506862,1
507025,1
503829,1
503898,1
503954,1
503971,1
503988,1
504387,1
1828,1
1872,1
1925,1
1950,1
1996910642,1
1997107609,1
2069,1
2104,1
1999167443,1
2001336087,1
2002186868,1
2005154577,1
2007288306,1
2007572117,1
2008097657,1
2010534912,1
1742,1
503243,1
503448,1
503562,1
508529,1
506444,1
506467,1
506491,1
1315,1
1343,1
1395,1
1459,1
1524,1
1956,1
1964,1
2012309226,1
2013672576,1
2014138189,1
2023243190,1
2025163961,1
2025657130,1
2030191514,1
2032359315,1
2034923573,1
506382,1
506383,1
506411,1
506430,1
504615,1
504711,1
2056783603,1
2061089361,1
2064050429,1
2064529144,1
2037719332,1
2037799395,1
2038203077,1
2043449207,1
2045790021,1
1281,1
2085614014,1
1546,1
1547,1
2046538344,1
2046764952,1
2047407036,1
2050572298,1
2051046211,1
2052719165,1
2054095326,1
504389,1
504408,1
507137,1
507582,1
506261,1
506272,1
1270,1
1271,1
2067189193,1
2068324143,1
2069473293,1
2069799740,1
2070503153,1
2070536285,1
2071100581,1
2073481667,1
2073749632,1
2078753054,1
2079690614,1
2080952952,1
2083535348,1
2084697325,1
648,1
733,1
759,1
2108477062,1
2110944494,1
2113199645,1
2086480549,1
2091334386,1
2091416583,1
1033,1
1081,1
1093,1
1119,1
1150,1
1222,1
1261,1
535,1
2,1
2137846358,1
2141183970,1
2141208081,1
2141685702,1
2142745232,1
2143686220,1
505619,1
505766,1
8,1
2130534282,1
2146012718,1
2132752782,1
2094623440,1
2097043667,1
2120585932,1
2121495508,1
2123121148,1
2124007713,1
2124779413,1
2125009129,1
2126047274,1
2127209227,1
2128139746,1
819,1
822,1
826,1
894,1
924,1
2131187979,1
565,1
