category_id,game_mode_id
23453,1
21779,2
21779,3
18122,2
18122,5
24241,1
24241,2
24241,3
24241,5
1494,1
1494,2
32982,1
32982,2
32982,3
11557,1
27546,2
27546,5
7934,1
138585,1
138585,2
33214,1
33214,2
33214,3
33214,4
33214,6
65632,2
65632,3
65632,5
65632,6
91423,1
91423,2
91423,3
66170,1
66170,2
66170,3
31336,2
31336,5
31339,1
31339,2
31339,3
31339,4
12565,1
263490,2
263490,3
263490,5
386821,2
386821,3
386821,5
500188,1
500188,2
500188,3
460630,1
460630,2
460630,3
6263,1
6263,2
6263,4
492035,1
458353,1
19619,3
19619,5
30921,1
30921,2
30921,3
30921,4
491931,1
491931,2
491931,3
491931,5
491168,2
490744,1
490744,2
490744,3
23020,1
23020,2
23020,3
491487,1
491487,2
491487,3
417528,2
417528,5
493959,1
493959,2
493959,3
497057,1
497057,2
497057,3
497057,5
493057,1
493057,2
493057,3
493057,6
499003,1
499003,2
499003,3
499003,5
499634,1
499634,3
459931,2
459931,5
506416,1
506416,2
506416,3
509538,1
509538,2
509538,3
509538,4
511224,2
511224,3
511224,6
1064893715,1
1064893715,2
509511,1
509511,2
509511,5
509511,6
512953,1
512953,2
512953,3
512923,1
512923,2
512923,3
512923,4
513181,1
513181,2
513181,3
513143,1
513143,2
515025,2
515025,3
1702520304,1
1702520304,2
1702520304,3
1702520304,5
516575,2
512710,2
512710,6
27471,1
27471,2
27471,3
27471,4
27471,5
1119642287,1
1119642287,2
464339927,2
464339927,3
55453844,1
55453844,2
209738946,1
209738946,3
380978759,2
380978759,3
778386489,1
1630982727,1
1630982727,2
1630982727,3
744803366,1
735904419,1
735904419,2
735904419,3
735904419,5
2126767263,1
2126767263,3
1264310518,2
1264310518,3
401587136,2
401587136,3
401587136,5
2132205352,1
2132205352,2
36799602,1
1757868477,1
168648543,1
168648543,2
982348888,1
982348888,3
98473926,1
532988445,1
532988445,2
532988445,3
532988445,4
844228464,1
844228464,2
272952894,1
272952894,2
272952894,3
272952894,4
569438345,1
1258820756,1
2012789438,1
2012789438,2
2012789438,3
1135650100,1
624536948,1
624536948,2
624536948,3
2112738408,1
2112738408,2
2112738408,3
1325278295,2
1325278295,3
1325278295,5
18763,1
11989,1
11989,2
12839,1
12839,2
6521,1
6521,3
12482,1
16967,1
2692,1
19357,2
19357,3
19357,5
71375,1
71375,2
71375,5
65876,1
31750,1
31750,2
31750,3
29307,1
29307,2
29307,3
29307,5
66366,1
66366,2
66366,3
66366,5
13263,2
13263,3
13263,5
369252,1
18846,1
18846,2
18846,3
271304,1
271304,2
271304,3
271304,4
32502,2
32502,3
32502,5
19554,1
19554,2
19554,5
67647,1
489776,1
394568,1
19976,1
19976,2
19976,3
19976,5
490377,1
490377,2
490377,3
460951,1
492810,1
29056,1
29056,2
29056,3
29056,5
491381,1
491381,2
490100,1
490100,2
490100,3
490100,5
497509,2
497509,5
461221,1
461221,2
495811,1
495811,2
495811,3
495811,5
496902,1
494184,2
1122982998,1
1122982998,2
1122982998,3
506246,2
506246,3
506246,5
508455,1
508455,2
508455,3
511391,1
512980,2
512980,3
512980,6
514858,2
515024,1
515024,2
515024,3
774680424,1
774680424,2
774680424,3
518144,1
518144,2
518144,3
515479,1
515479,2
515479,3
1820378900,1
516588,5
687129551,1
687129551,2
687129551,4
1222194375,1
1222194375,2
1222194375,3
1095275650,1
982017546,1
982017546,2
982017546,3
982017546,5
1398657661,2
516173984,1
516173984,2
516173984,3
516173984,4
329951934,2
456845141,1
1441208453,1
1441208453,2
1441208453,3
1441208453,5
2009321156,1
2009321156,2
2009321156,3
2085980140,1
2085980140,2
2085980140,3
1910103699,2
1910103699,3
538054672,1
538054672,2
538054672,4
1557187997,1
1557187997,2
848400095,1
2105032420,1
1846293708,1
1414860634,1
1414860634,3
376500771,1
766571430,1
766571430,2
766571430,3
1393304883,2
1393304883,3
1393304883,5
1282866981,1
1282866981,2
1282866981,3
1282866981,5
1286077738,1
1286077738,2
1286077738,3
2094865572,2
2094865572,3
997367275,1
344035090,1
545090511,1
262437666,1
262437666,2
262437666,3
362339131,1
602959317,1
551919008,1
551919008,2
551919008,3
1294658629,1
1294658629,2
1294658629,3
762292943,2
762292943,3
1081998272,1
1081998272,2
1081998272,3
1836548426,1
1143024882,1
1143024882,2
1143024882,3
167365321,1
394740720,1
1848745913,1
1848745913,2
1848745913,6
1517377137,1
1517377137,2
1517377137,3
1538760733,1
805991834,1
21934,2
21934,3
21934,5
24193,1
24193,2
24193,3
15229,5
11988,1
30028,1
8645,1
1468,1
1229,1
1229,2
65654,1
65654,2
65654,3
65654,5
7595,1
31376,1
31376,2
31376,3
115977,1
21465,1
21465,2
21465,3
458781,1
458781,2
458781,3
9618,1
9618,2
32959,2
32959,3
110758,1
461389,1
20050,5
489401,1
489401,2
489401,3
489401,4
460316,1
460316,2
460316,3
489635,1
489635,2
489635,3
489635,4
489635,5
489635,6
489767,1
489767,2
490292,1
490292,2
490292,3
497480,1
490147,1
488634,1
488634,2
488634,3
20596,2
20596,3
20596,5
293693714,1
493048,1
490948,2
490948,3
490948,5
24438,5
496885,1
496885,2
496885,3
518017,1
497497,2
497497,3
504463,1
504463,2
504463,3
504463,5
504461,1
504461,2
504461,3
506456,1
506456,2
506456,3
502829,5
505884,6
508509,2
508509,3
509549,1
509549,2
511212,1
510218,1
510218,2
510218,3
510056,1
511295,1
511295,2
511295,3
511399,1
511399,2
1679324192,1
512693,1
512693,2
469758789,1
469758789,2
518213,2
518213,3
518213,4
518379,2
518379,3
519291,1
1262047844,1
1788326126,1
1788326126,2
1788326126,3
1158884259,1
1158884259,2
1158884259,3
494436328,1
494436328,2
14333696,2
14333696,3
14333696,5
653624336,1
2013539540,1
1036710512,1
1036710512,2
1036710512,3
1036710512,5
331373906,1
331373906,2
155409827,1
155409827,2
673760473,2
673760473,3
673760473,6
223869970,1
223869970,2
223869970,3
743214338,1
743214338,2
743214338,3
478407715,1
478407715,2
478407715,3
623291583,2
623291583,3
1987896617,1
1987896617,2
1987896617,3
1987896617,5
1247644901,1
1247644901,2
1247644901,3
1247644901,4
1247644901,6
880825863,1
330654616,1
330654616,2
330654616,3
330654616,4
737987407,1
737987407,2
737987407,3
2060730947,1
2060730947,2
1074401885,1
144418804,2
144418804,3
1361476377,1
1672324422,1
1672324422,2
1672324422,3
188822497,1
251979746,1
777417331,1
347755241,2
347755241,5
365912304,1
222643030,1
296636215,1
296636215,2
296636215,3
1826300051,1
1826300051,2
1826300051,4
114524791,1
114524791,2
266795834,1
266795834,2
266795834,3
266795834,5
1834407033,1
2126813945,1
1786539857,1
889298168,5
613430080,2
20810,1
10775,1
10775,2
10229,5
10322,1
11282,1
22848,1
22848,2
19006,1
19006,2
19006,3
19006,4
16676,2
16676,3
31879,1
31879,2
31879,3
31879,4
14432,1
14432,2
14432,3
10609,1
10609,2
16282,1
16282,2
16282,3
8489,1
32541,1
1654,1
9250,1
9250,2
9250,4
14660,1
14660,2
14660,4
80607,1
80607,2
80607,3
80607,5
2083,2
2083,5
489170,1
489170,2
489170,3
460090,1
488910,1
488910,2
488910,3
490655,1
490655,5
492553,1
492553,2
1050003477,1
6369,1
492934,1
493159,1
493159,2
352,1
352,3
489111,1
489111,2
489111,3
489111,5
492535,1
494508,1
494508,2
509110,1
509110,2
509110,3
509110,4
497385,1
497385,2
492982,2
492982,5
369418,1
369418,2
369418,3
369418,6
498417,1
498417,2
504651,1
506415,1
503116,1
503116,2
502732,6
515066,1
515066,2
515066,3
1544878267,1
102007682,1
512033,1
512033,2
512033,3
19801,2
19801,3
19801,5
771448419,2
771448419,5
41272850,1
1080391310,1
517159,1
517159,2
515474,1
515474,2
515474,3
515474,6
515586,1
1174671315,1
1757732267,1
1757732267,2
1757732267,3
1538476028,1
766548668,1
766548668,2
766548668,3
41917829,1
41917829,2
41917829,3
890558948,1
890558948,2
890558948,3
213930085,1
213930085,2
1937599489,1
1937599489,2
1937599489,3
2066107586,1
2066107586,2
2066107586,3
451007760,1
451007760,2
451007760,3
451007760,6
655697363,1
655697363,2
655697363,3
2014795392,1
2014795392,2
2014795392,3
686119195,1
686119195,2
686119195,3
1223141632,1
904864974,1
904864974,2
308555745,1
745589378,1
669337588,1
669337588,2
346078625,2
185606059,1
185606059,2
185606059,4
1337444628,1
1337444628,2
1337444628,3
1535225577,1
2015434764,1
2015434764,2
2015434764,3
375403621,1
375403621,2
1506110656,1
1496435078,1
1320984402,1
1320984402,2
1320984402,3
1320984402,4
1230742965,1
801541637,1
801541637,2
801541637,3
2060198130,1
2060198130,2
2060198130,3
1354355809,2
1354355809,3
1354355809,4
1135492840,1
1135492840,2
1135492840,3
1135492840,4
1136666301,1
1136666301,2
1136666301,3
197489698,1
93798731,1
93798731,2
93798731,3
1222247252,1
1222247252,2
275186889,1
601470178,1
601470178,2
871967156,1
871967156,2
871967156,3
1799538400,1
1191549523,1
15943,1
1041,1
1041,2
1041,3
7689,1
18707,1
18707,2
27103,1
27103,2
33180,1
33180,2
17828,1
22959,1
19156,1
13050,1
19745,1
19745,2
17516,1
17516,2
17516,3
17516,4
73586,1
515349,2
515349,5
1200871695,1
1200871695,2
130942,1
130942,2
130942,3
460637,1
460637,2
460637,3
418016,1
21136,2
21136,3
21136,5
68351,1
68351,2
490382,1
490382,2
490382,3
3434,1
490713,1
24872,1
24872,2
24872,3
491117,1
491117,2
491117,3
491117,5
493125,1
494683,1
494683,2
494683,3
494925,1
494925,2
494925,3
494839,1
494839,2
494839,3
497585,1
496697,1
496697,2
496697,3
20061,2
20061,3
20061,5
511701,1
511701,2
511701,3
2090279789,1
6959,1
6959,2
6959,3
499132,1
460696,2
460696,3
504735,1
504735,3
498482,1
498482,2
498482,3
126261,2
126261,5
29329,2
503446,1
125264560,1
125264560,2
125264560,3
125264560,4
505084,1
505084,2
512818,1
512818,2
510590,1
511864,1
516086,1
516086,2
516086,3
1967084783,1
1102949822,1
516866,2
516866,3
516866,5
518873,1
518873,2
518873,3
518186,1
518186,2
518186,3
278888515,2
1913410799,1
1913410799,2
1913410799,3
1311010677,1
1311010677,2
1311010677,3
946942782,1
646490300,1
1728683467,1
1728683467,2
1728683467,3
966704637,2
966704637,3
966704637,5
2058220722,1
1447325110,2
1447325110,3
1102857083,2
1102857083,3
1102857083,5
1280007947,1
2104758320,1
2104758320,2
2104758320,3
158745736,1
1331855755,1
1331855755,2
1502478230,1
250649084,1
608663369,5
1952699919,1
340920845,1
340920845,2
1196356222,1
1787091957,1
1787091957,2
1787091957,4
1984929743,1
960705568,1
936822813,1
1131336879,2
1131336879,3
1131336879,5
756802928,1
756802928,2
756802928,3
1127193950,1
207506430,1
207506430,2
207506430,5
1088478699,1
1088478699,3
1088478699,4
893956103,1
1630435000,1
1471805955,1
582430476,1
582430476,2
582430476,3
1067610348,1
1313351584,1
1313351584,2
398887011,1
1320785158,1
1320785158,2
1320785158,3
2755,1
2755,2
16051,1
16051,2
16051,3
16051,5
9954,2
9954,5
1260,1
1260,2
18893,1
3947,1
18703,1
29099,1
23894,1
23894,2
23894,3
23894,4
18808,1
18808,2
18808,3
18808,4
14890,1
9435,1
6086,1
26175,2
26175,5
8676,1
30740,1
18871,1
18871,2
18871,4
1818,1
22693,1
22693,3
207,1
207,2
458443,1
68000,1
313197,1
313197,2
369075,1
369075,2
369075,3
369075,4
460636,1
460636,2
460636,3
7022,1
7022,2
7022,3
431065997,1
476269,1
476269,2
491115,2
491115,3
489335,1
490644,1
490644,2
490644,3
5109,1
497456,1
493597,2
493597,3
493597,5
494806,1
941530474,1
941530474,2
941530474,4
491266,1
497440,2
2009501022,1
2009501022,2
2009501022,3
497467,1
497467,2
497467,3
497454,1
20941,2
20941,3
20941,5
498289,1
498289,2
498289,3
498289,5
497916,1
498807,1
499888,1
499856,1
506078,1
506078,2
506078,3
506407,1
506407,2
506407,3
506468,1
506468,2
506468,3
31434,5
512070,1
512034,1
512708,1
512708,2
512971,2
510911,1
513501,2
457975278,5
515584,1
515584,2
517109,1
517109,2
517109,3
512864,2
512864,6
519103,1
519103,2
519103,3
310427916,1
1594393054,1
1280358639,1
1280358639,2
1280358639,3
1540116959,1
843201057,1
843201057,2
843201057,3
1028198402,1
965771331,1
847128914,1
1454243467,1
1414211237,1
1414211237,2
1414211237,3
1470211036,1
1975639786,1
1330093788,1
957620847,1
898206463,1
264231625,2
264231625,6
252812003,1
1133341572,1
1297497516,1
1023750977,2
1023750977,3
1023750977,5
1846570260,1
1846570260,2
712125648,2
712125648,3
364677525,1
942317893,1
942317893,2
942317893,3
1846512643,1
1846512643,2
1846512643,3
1749963163,1
1749963163,2
1749963163,3
2124871354,1
2124871354,2
2124871354,3
1519446996,1
17839189,5
2059463486,1
567262878,1
1308902712,1
1513709213,2
2083664704,1
18958,1
2274,1
16580,1
16580,2
18181,1
9891,1
19423,1
22393,1
22393,2
22393,3
22393,4
32345,1
32345,2
32345,3
32345,4
10979,1
33437,1
33437,2
33437,3
13765,1
13765,2
13765,4
65950,1
65950,2
65950,3
7182,1
2209,1
5288,5
16890,1
16890,2
16890,4
17227,1
17227,2
17227,4
8466,1
8466,2
8466,4
370472,1
370472,2
458912,1
460620,1
460620,3
459064,1
459064,2
459064,3
490374,1
494162,1
489567,1
490500,1
490500,2
416015,1
416015,2
416015,3
416015,5
15323,1
510117,1
460102,1
460102,2
460102,3
489721,1
491327,1
492546,1
492546,2
492546,3
505705,1
497304,1
497304,2
497304,3
497304,5
504462,1
504462,2
504462,3
504462,4
503018,5
29106,1
506274,1
506462,1
508948,1
508948,2
508948,5
518006,1
512998,1
513589,1
513589,2
513589,5
514166,1
514888,1
514888,2
899565932,1
517330,1
519272,1
1275666892,1
1275666892,2
1275666892,3
1829367372,1
1735523241,1
477532253,1
477532253,2
477532253,3
394801804,1
1581126534,1
1471416868,1
1471416868,2
1471416868,3
629203203,1
1678052513,1
1678052513,2
1678052513,3
1678052513,4
1407096487,1
1743359147,2
1668881185,1
1668881185,2
1668881185,3
468533702,1
468533702,2
468533702,3
468533702,5
940188387,1
273333352,1
2121806469,1
1393020629,1
1393020629,3
1393020629,5
1734202623,1
1734202623,2
1734202623,3
1630297266,1
1995842324,1
1995842324,2
1995842324,3
818770426,1
818770426,2
818770426,3
818770426,4
1089655891,1
1103329864,1
614806865,1
614806865,2
614806865,3
1515015750,1
1515015750,2
1515015750,3
1515015750,5
1936054038,1
1936054038,2
1936054038,3
763313082,1
763313082,2
763313082,3
400407464,1
400407464,2
400407464,4
1464410789,1
1464410789,2
1464410789,3
1005037883,1
542560980,1
943320949,1
943320949,2
943320949,3
36289489,1
1821414279,1
1821414279,2
1821414279,3
127694361,1
127694361,2
127694361,3
2068583461,1
2068583461,2
2068583461,3
2011938005,1
2011938005,2
2011938005,3
1106985046,1
1106985046,2
1106985046,3
2115231542,1
201872864,1
201872864,2
201872864,3
1810411787,1
1791670656,1
1791670656,2
1791670656,3
1448308190,1
1448308190,2
1448308190,3
2086806174,1
2086806174,2
666506999,1
666506999,2
666506999,3
919012536,1
485406812,1
485406812,2
1248698972,2
1468568736,1
584,1
584,2
584,3
19275,1
19275,2
19275,3
19275,5
5126,1
34134,1
34134,2
34134,3
34134,4
2770,1
2770,2
9182,1
9322,1
9322,2
33175,1
2372,1
2372,2
369261,1
369261,2
369261,3
5887,1
5887,2
5887,3
5887,4
17189,1
17189,2
17189,3
17189,4
2897,1
2897,2
2897,4
313331,1
313331,2
313331,3
7665,1
14901,1
14901,2
73914,1
73914,2
73914,3
32507,2
32507,3
460041,1
460041,2
460041,3
461522,1
461522,2
461522,3
461522,4
490432,1
491870,1
491870,2
491870,3
458900,1
493551,1
493551,2
493551,3
493551,5
417892,6
493926,1
496853,1
496853,2
496853,3
496853,5
31912,1
31912,2
33843,1
33843,2
33843,3
33843,5
493997,1
493997,3
502914,1
496735,1
496735,2
496735,3
496960,1
34025,1
493489,1
493489,2
493489,3
500627,2
500627,3
497388,2
497388,3
497388,4
1290987762,5
1421097847,1
1421097847,2
1421097847,3
1421097847,5
16937,1
16937,2
491711,1
499765,1
499765,2
8259,1
506230,1
506230,2
506230,3
506410,1
506410,2
506410,3
508685,1
508292,1
508292,2
508292,3
509862,1
509862,2
509862,3
518015,1
510530,1
510530,5
343455332,1
512782,1
512782,2
512782,3
1771494321,1
513949,1
511554,1
517357,1
1455596748,1
517447,1
517447,2
517447,6
519253,1
836519689,1
836519689,2
836519689,3
2146039317,2
2146039317,6
520083701,1
520083701,2
175235379,1
1115711128,1
1115711128,2
1115711128,3
1931776829,1
1931776829,2
1931776829,3
1541524618,1
342980805,1
1299144050,1
1299144050,2
1299144050,3
1299144050,4
791896472,1
1910324696,1
1760371307,1
1760371307,2
1760371307,3
518873981,1
518873981,2
518873981,3
1075600787,1
1075600787,2
1075600787,3
666511413,1
666511413,2
666511413,3
32736074,2
32736074,3
32736074,6
1869211376,1
417844199,1
417844199,2
417844199,5
212742304,1
212742304,2
212742304,3
780037970,1
1628434805,1
1628434805,2
1819887434,1
422208436,1
247816922,1
60384505,1
68008715,1
1746823347,1
623821345,1
623821345,2
623821345,3
1362102608,2
1362102608,3
1317379021,1
1065093334,1
1065093334,2
177579460,2
177579460,3
177579460,5
1923236616,2
1389092631,1
1389092631,2
1389092631,3
1959131435,1
214726079,1
1685967163,1
1685967163,2
1685967163,3
313684105,1
19731,1
19731,2
19731,3
19731,4
495711,1
495711,2
495711,4
5492,1
5492,2
5492,3
8090,1
5360,1
8105,1
8105,2
1253712846,1
280721,1
280721,2
280721,3
280721,5
10033,1
369380,1
369380,2
369380,3
66410,1
12101,1
28024,1
28024,2
459676,1
458641,1
458641,2
488272,1
512637,1
458224,1
490386,1
490386,2
490386,3
113749,2
113749,3
113749,5
510389,1
510389,2
510389,5
488500,1
488500,2
33416,1
493217,1
493217,2
493815,1
489297,1
489297,2
489297,3
107194810,1
27116,5
12078,1
1281,2
1281,5
492740,1
1849266533,1
494552,1
505786,1
495961,1
496431,1
512121,1
497431,1
497431,2
497431,3
497301,2
506442,1
506442,2
506431,1
1003606006,1
1003606006,2
1077584835,1
97210601,1
97210601,2
97210601,3
513913,1
1903254088,1
1903254088,2
1903254088,3
1903254088,4
518692,1
518692,2
518692,3
516867,1
516867,2
516867,3
516867,4
517528,1
517528,2
517528,3
512709,1
512709,2
512709,3
512709,4
518630,1
519433,1
519433,2
1864607314,1
1935520090,1
1935520090,2
1935520090,3
1935520090,5
1244970157,1
1244970157,2
1378799411,1
153495031,1
1191228681,1
1191228681,2
1191228681,3
1535635666,1
232131679,1
232131679,2
232131679,3
361121548,1
1074044196,1
790163050,1
790163050,2
790163050,3
620146360,1
1418594934,1
1418594934,2
1418594934,3
1866993297,2
1866993297,3
1804231074,1
1804231074,2
636432195,1
21842902,1
458881234,1
458881234,2
458881234,3
458881234,5
1660786795,1
886884423,1
886884423,2
886884423,3
119545921,1
1231414719,1
1231414719,2
1231414719,3
723461364,2
723461364,3
723461364,6
1974431365,1
1974431365,2
1974431365,3
1081645532,1
511910411,1
511910411,2
1360792487,1
1360792487,2
1360792487,3
717461581,1
1808330168,1
977067351,1
977067351,2
977067351,3
942624075,1
1464958641,1
1464958641,2
1464958641,3
1165363986,2
1165363986,3
1809772714,1
1981388235,1
764973368,1
764973368,2
764973368,3
1115993535,1
1115993535,2
1115993535,3
1115993535,4
440420093,1
1798838504,1
625782232,1
625782232,2
625782232,3
399118349,1
123710355,1
1129937420,1
18381,1
18381,2
10126,1
1420,1
18814,1
7830,1
7830,2
4392,1
4392,2
19157,2
19157,3
19157,5
14766,1
14766,3
24623,2
24623,5
13420,1
1434,1
637617244,1
637617244,2
637617244,3
1336067913,1
1336067913,2
369579,1
369579,2
369579,3
369579,5
731,1
12049,1
12049,2
391475,1
391475,2
391475,3
21812,1
21812,2
21812,3
15134,2
15134,3
15134,5
460521,1
460521,2
8464,1
18896,1
18896,2
30988,1
30988,2
30988,3
30988,5
489642,1
489642,2
489642,3
490378,1
459527,1
459527,2
459527,3
491572,1
491572,2
490701,1
489668,1
489668,3
9747,1
9747,2
9747,4
491878,1
491878,2
491220,1
491220,2
493081,1
493081,2
493081,3
489648,1
489648,2
489648,3
489648,5
504508,1
495062,1
496000,1
503233,1
65627,1
498668,1
498668,2
498668,3
506926,5
494998,1
494998,2
494998,3
494998,4
506760,2
506760,3
506760,5
498523,2
498523,3
498523,5
782322359,1
782322359,2
782322359,3
506438,1
512226,1
512226,2
512226,3
486102336,1
511183,1
519302,1
511748,2
1366210635,1
1366210635,2
1366210635,3
514194,1
514194,2
514194,3
517947,1
517947,2
517947,3
515381,1
515381,2
515381,3
1725408175,1
1089659237,1
858043689,1
486610138,1
750209762,1
1258270417,1
1432406535,1
62760102,2
62760102,3
715052357,1
1450386257,1
1450386257,2
1450386257,3
1427027827,1
1427027827,2
1427027827,3
1568318442,1
25751086,1
25751086,2
25751086,3
1780647523,1
389876637,2
389876637,3
389876637,5
515881069,1
515881069,2
515881069,3
556907291,1
242859128,1
770533564,1
2106425216,2
2106425216,3
2106425216,5
1242462656,1
450732811,5
449612235,1
1471610418,1
1471610418,2
1471610418,3
1290989747,1
1057274213,2
1057274213,3
324223699,2
324223699,3
896117537,1
1622285067,1
1622285067,2
1622285067,3
1997110819,1
1853781077,1
1853781077,2
1853781077,3
685022220,1
801121736,2
801121736,3
801121736,5
484530106,1
418994047,1
1104224177,1
1104224177,2
585218203,1
585218203,2
278054822,1
905232303,1
905232303,2
905232303,3
18888,5
18889,1
15631,1
65953,1
65953,2
65953,3
11854,1
1528763908,1
1528763908,2
29179,1
29179,2
29179,3
29179,5
368936,1
368936,2
29433,1
29433,2
29433,3
369585,1
413569,2
413569,3
413569,5
6855,1
14605,1
14605,4
4667,1
488561,1
488561,3
1835475218,1
1242,1
494131,1
17877,1
17877,2
460501,1
27101,2
489136,1
489136,2
489136,3
489611,1
489611,2
489611,3
459382,1
459382,2
459382,3
459382,4
490446,1
490446,2
490446,3
490446,4
20152,2
20152,5
313521,1
313521,2
313521,3
313521,4
491917,1
459327,1
459327,2
459327,3
491177,1
491704,2
491704,5
461246,1
491318,1
491318,2
491318,3
491318,4
495122,1
495122,2
495122,3
505371,1
271501702,1
1558778353,1
497471,1
491289,2
491289,3
491289,5
492113,2
492113,3
492113,5
489063,1
489063,2
489063,3
489063,4
497437,1
297520862,1
497103,1
505963,1
512930,1
512930,2
512930,3
510578,1
510578,2
511848,1
519492,1
519492,2
519492,3
517282,2
517282,5
515630,1
1754564141,1
1754564141,2
1754564141,3
1754564141,6
518390,1
2143096682,1
1274531553,1
1274531553,2
1274531553,3
936945829,1
936945829,2
1889057295,1
1889057295,2
1889057295,3
1932271956,1
356609813,2
356609813,3
350892884,1
350892884,2
350892884,3
1055115891,1
2115430923,1
1348809580,1
1348809580,2
804395556,1
2024628907,1
853664424,2
983841243,2
983841243,3
983841243,6
1993590015,1
1993590015,2
1600495710,1
1600495710,2
1600495710,3
1242184979,1
928412879,1
928412879,2
1671346441,2
1671346441,3
1363661410,1
143662140,1
2133072147,2
2133072147,3
2133072147,5
227689960,1
1334543669,1
143106037,1
143106037,2
143106037,3
1067830406,1
848813638,2
218022830,1
1997284924,1
1359299907,1
1359299907,2
1359299907,3
982171215,1
925276826,1
925276826,2
2092725748,1
956682664,1
74153945,1
74153945,2
74153945,3
1406899016,2
1406899016,3
1079495885,1
1079495885,2
1079495885,3
726936393,1
1606475501,1
1606475501,2
1606475501,3
757932712,1
757932712,2
757932712,3
1457361550,1
6187,1
9611,1
19589,1
9623,1
9623,2
19180,1
19180,3
3331,1
21101,1
3412,1
27422,1
27422,2
27422,3
210,1
4230,1
118198,1
118198,2
118198,3
369259,1
505339,1
505339,2
505339,3
12956,1
12956,2
12956,3
12956,4
369021,5
67637,1
28834,2
28834,3
28834,5
417749,1
417749,2
417749,3
488479,2
1186,1
1186,2
1186,3
489457606,1
489457606,2
489457606,3
489457606,4
489201,1
489201,2
489201,3
494364,1
7690,1
467024621,1
489729,1
495202,1
493388,2
493388,5
497078,1
497078,2
497078,3
497118,1
497118,2
497118,3
497118,5
490488,5
513553,1
513553,2
513553,3
513553,5
495359,2
505473,1
10028,5
1401095,1
512534,1
512534,2
512534,3
514195,1
896525007,1
515619,1
100748035,1
100748035,2
100748035,3
512887,1
1945673289,1
518007,1
519306,1
519306,2
519306,3
518764,1
518764,2
518764,3
518764,5
519101,1
1109059789,2
1109059789,3
1109059789,5
1071265762,1
665425234,2
791968461,1
791968461,2
1044890345,1
561013832,1
437499380,1
1652175477,1
1241582824,1
1241582824,2
1241582824,3
1174942814,1
1174942814,2
1174942814,3
530998549,1
678842894,1
2133075861,1
626696851,1
626696851,2
626696851,3
533344586,1
533344586,2
533344586,3
1552769982,1
1555754930,1
1555754930,2
1555754930,3
843600651,1
1500238812,2
1500238812,3
1019674856,1
1019674856,2
72120714,2
72120714,3
1400635163,1
1036274815,1
902364060,1
717910179,1
732628409,1
732628409,2
975920470,1
975920470,2
542635549,1
255386500,1
255386500,2
255386500,3
441530517,1
441530517,2
441530517,3
394758168,2
394758168,3
1723362790,2
1723362790,3
1637021799,1
1637021799,2
1637021799,3
1832161062,1
1982955044,1
1982955044,2
1982955044,3
1094044362,1
1094044362,2
1094044362,3
1112609075,1
1966413119,1
1966413119,2
1207322554,1
1551383472,1
171397398,1
812390967,1
812390967,2
812390967,3
540920013,1
1762510812,1
1762510812,2
1762510812,3
1366549265,1
313558,1
313558,2
313558,3
28576,1
28576,2
28576,3
34135,1
34135,2
16782,1
8867,1
829248383,1
829248383,2
829248383,4
5258,1
18519,1
91419,1
91419,2
368205,1
32542,1
30720,1
7343,1
67834,1
496914,1
28924,1
28924,2
460619,1
847929177,1
847929177,2
847929177,3
459755,1
8283,1
490702,1
490702,2
461492,2
461492,3
110748,1
494082,1
490757,1
490757,2
491437,1
491437,2
491437,3
491437,4
33318,1
33318,2
65745,1
493069,1
493069,2
3951,5
39532650,1
39532650,2
494327,1
494327,2
494327,3
494327,5
496503,1
496503,2
496503,3
497346,1
505980,1
497885,1
495932,1
733,1
498215,1
498215,2
498215,3
507427,1
507427,2
507427,3
499859,1
499859,2
499859,3
850490686,2
20465,1
506430,1
506430,2
506430,3
1945861843,1
512360,1
435870350,1
512957,1
7193,1
7193,2
513001,1
516462,1
515454,1
516789,1
516789,2
516789,3
518621,1
863451903,2
863451903,3
863451903,5
519260,1
519260,2
519260,3
1242907947,1
1242907947,2
1242907947,3
279014883,1
279014883,2
633454324,2
633454324,3
506089309,1
418721827,1
1584758405,1
160028919,1
165769183,1
1745202732,1
1745202732,2
1745202732,3
1264082964,5
527382238,1
376617167,1
1630174498,1
1870741496,1
1870741496,2
1870741496,3
415287002,1
1286840579,2
1286840579,3
1351579283,1
2138512149,2
2138512149,3
2138512149,5
276636094,1
1941249372,1
1494074023,2
1494074023,3
1431587018,1
411019402,1
411019402,2
411019402,4
1814419969,1
1814419969,2
1814419969,3
1814419969,6
2109666737,1
2110772121,1
2110772121,2
2110772121,6
309196919,1
1736183778,1
1736183778,2
1736183778,3
1250647518,1
1250647518,2
1250647518,3
856782639,1
1535286692,1
1524386601,1
1263723897,1
1263723897,2
1263723897,3
411135266,1
226996866,1
693458936,1
1868360962,1
125359966,1
15510,1
18894,1
18894,2
27596,1
27596,2
27596,3
27596,4
31410,1
31410,2
1468190144,5
1964,1
1964,2
1964,3
1964,4
535,1
535,2
7200,1
7200,2
7200,3
5262,1
19656,1
17178,1
17178,2
17178,3
11432,1
11432,2
11432,3
11432,4
9440,1
9440,2
14846,1
33882,1
14835,1
459839,1
459839,2
459839,3
369509,1
12988,1
535155317,1
535155317,2
82643811,1
1063,1
489376,1
489164,1
490919,1
491788,1
492605,1
492605,2
3014,1
3014,2
322803055,1
564898611,1
564898611,2
496712,1
496712,2
496712,3
496712,4
497410,1
20063,5
496983,2
506489,2
506489,3
506489,5
509482,1
509529,1
509529,2
509529,3
509529,5
509529,6
510150,1
510150,2
514071,1
514071,2
514308,1
514308,2
514013,2
514013,3
517749,1
517749,2
518019,1
518019,2
518019,3
988100999,1
988100999,2
988100999,3
518876,1
519226,1
519226,2
519226,3
1900396348,1
1900396348,2
1900396348,6
103252334,1
1570280660,1
1570280660,2
1570280660,4
96418879,1
1346598501,1
230322618,1
382835903,1
1482819933,1
1482819933,2
1482819933,3
1833694612,1
1833694612,2
1833694612,3
1833694612,4
1043999398,1
1941028989,1
450376300,2
450376300,3
119464928,1
1173887206,1
1173887206,2
1173887206,3
1151172371,1
267598537,1
485100017,1
116082744,1
116082744,2
116082744,3
702495428,1
702495428,2
702495428,3
1665995618,1
435756294,1
1292110812,1
987123848,1
618479630,1
618479630,2
618479630,3
627798963,1
627798963,2
627798963,3
535020156,2
1715920432,1
225471887,1
225471887,2
544682640,2
544682640,3
544682640,5
638551656,1
638551656,2
1269041770,2
1269041770,3
531564029,1
1108582513,2
1108582513,3
1115469318,1
2056595466,1
252001732,1
1418178189,2
433493784,1
433493784,2
433493784,3
433493784,5
423581808,1
79499989,1
79499989,2
79499989,3
1421633446,1
1706971195,2
1706971195,3
1706971195,4
1680364352,1
1859167198,2
1859167198,3
1859167198,5
1846136589,1
1179993469,1
1800210567,1
8308,1
2014138189,1
2014138189,2
29635,1
29635,2
29635,3
11172,5
9178,1
9178,2
9178,3
9178,4
24239,1
24239,2
6756,1
19151,1
14286,1
3963,1
6657,1
6657,2
6657,4
4267,1
4267,2
4267,3
4267,4
8271,1
10780,1
133897,1
458619,1
6167,1
6167,2
1524,1
1524,2
1524,3
1524,4
10095,1
6737,1
2240,1
488820,1
488820,2
488820,3
2260,1
13732,2
94084,1
20716,1
1918,1
492930,1
492930,2
492930,3
488974,1
488844,1
20501,1
20501,2
20501,3
20501,5
494769,1
494769,2
494769,3
494769,4
494769,5
505257,2
505257,3
505257,5
2143844298,1
498405,1
500405,1
500405,2
21563,2
498329,1
518238,1
500626,1
500626,2
723544889,1
723544889,2
504921,1
504921,2
509356,1
509356,2
509356,3
509356,4
510411,1
510586,1
510586,2
510586,3
516984,1
516984,2
516984,3
512341,1
512989,1
512989,2
512989,3
512984,1
513010,1
513010,2
513010,3
515482,1
516064,1
516064,2
516064,3
517515,1
517585,1
517505,1
517505,2
517505,3
423797288,2
1768794134,1
1768794134,2
1768794134,3
2082408975,1
240918243,1
1750373461,1
1214355831,1
1214355831,2
1214355831,3
1771631982,1
211784760,1
211784760,2
211784760,3
521979070,1
1262582393,1
1262582393,2
1262582393,3
918639382,1
1858025963,1
238361926,1
1517674193,1
341968689,1
1274672891,1
14842174,1
14842174,2
14842174,3
1200688834,1
812908663,1
26677558,1
164168115,1
164168115,2
164168115,3
164168115,5
1253966976,1
1253966976,2
1253966976,3
1228877321,1
483277575,1
1673899638,1
1673899638,2
1673899638,3
2097043667,1
1424094140,1
1389744675,1
1901799151,1
602694215,1
1433665303,1
809949568,1
1842346885,1
1662339853,1
1202790753,1
1202790753,3
621302061,1
1428314242,2
1428314242,3
1428314242,5
1428314242,6
1505902948,1
1866728134,1
2777177,1
2777177,2
2777177,3
2052719165,1
565625321,1
565625321,2
565625321,3
565625321,4
565625321,6
1397834678,1
1397834678,2
1397834678,3
17179,1
14805,1
10564,1
9522,1
29683,1
29683,2
29683,3
24203,1
24203,2
24203,3
24203,4
24232,1
10081,1
23239,1
23239,3
11665,1
11665,2
11665,3
8076,1
67584,1
67584,2
67584,3
29918,1
29918,2
29918,3
29918,5
369088,1
24165,1
24165,2
24165,3
24165,4
18950,1
18950,2
18950,3
17872,1
17872,2
17872,3
8543,1
65718,1
65718,2
65718,3
313164,1
313164,2
488579,1
488818,1
16951,1
16951,2
490564,1
221,1
492487,1
492731,1
492731,2
492731,3
492731,5
494995,1
494995,2
15013,1
493036,1
493036,2
23438,1
23438,2
23438,3
499560,1
2113043143,1
2113043143,2
2113043143,3
497711,1
498983,2
498983,5
493280,1
493280,2
493280,3
493280,5
493280,6
2009742488,1
17313,1
2141208081,1
2141208081,2
2141208081,3
2141208081,4
2141208081,5
1695104761,1
33389,1
33389,2
33389,3
498434,1
498434,2
506412,1
506412,2
506412,3
500628,1
22440,5
509677,1
510671,1
510580,1
511471,1
511746,1
511746,2
511746,3
510773,1
514207,1
514207,2
514207,3
514313,1
515195,1
1707112873,1
518814,1
518814,2
518814,3
518020,1
518020,2
518020,3
518307,1
518307,2
1767132907,1
1767132907,2
1767132907,3
518402,1
518402,2
518402,3
633127529,1
633127529,2
633127529,3
925838633,1
367100759,1
1191655319,1
2114339342,2
914065119,1
914065119,2
914065119,3
914065119,4
1779137184,1
17877775,1
17877775,2
17877775,3
17877775,6
702690681,1
1893932682,1
1893932682,2
1893932682,3
1767350976,1
1230556872,2
1230556872,3
1230556872,5
487237675,1
487237675,2
487237675,3
1751558109,1
1525064575,1
178312577,1
1617903053,1
168850344,1
168850344,2
168850344,3
1580396182,1
1580396182,2
1462834331,1
1462834331,2
1462834331,3
1462834331,5
367176203,1
367176203,2
367176203,3
597346393,1
174891039,1
1450542619,1
1703278625,1
1090552897,1
456360118,1
24096824,1
102014032,1
102014032,2
743904225,1
446808397,2
446808397,3
446808397,4
1694957177,1
1694957177,2
1694957177,3
1898103870,2
1898103870,3
634101572,1
84124967,1
15866,1
30475,1
12789,1
12789,2
1459,1
1459,2
4327,1
19829,1
19829,2
19829,3
1396,1
32656,1
4540,1
4540,2
4540,4
8711,1
8711,2
31761,1
31761,2
31761,3
18933,1
313258,1
129117,1
129117,2
129117,3
10925,1
10708,1
32506,1
460508,1
460508,2
460508,3
369567,1
369567,2
369567,3
313444,1
313444,2
313444,3
2400,1
2400,2
488758,1
89297,1
412756,1
412756,2
412756,3
412756,5
488635,1
488635,2
212029556,1
2153,1
493037,1
493037,2
493037,3
490279,1
490279,2
490279,3
1938435210,1
12759,1
12759,2
12759,3
1960201900,1
1960201900,2
1960201900,3
497432,1
494041,1
495061,1
496464,1
496464,2
501574,1
496881,1
497425,1
496475877,1
496475877,2
497883,1
498555,1
497527,1
11103,1
11103,2
508865,1
508865,2
509044,1
509044,2
509044,3
509044,5
602050111,1
602050111,2
602050111,4
509725,1
509725,2
509725,3
2056946408,1
2056946408,2
2056946408,3
2056946408,4
512058,1
512058,2
512058,3
511830,1
1614555304,1
1614555304,2
1614555304,3
1614555304,4
1064909817,1
1064909817,2
1064909817,3
1064909817,4
514394,1
516294,2
516294,3
516294,5
509058,1
509058,2
509058,3
516801,1
516914,1
1924563761,1
2058566581,1
518016,1
519080,2
519080,3
519080,6
519592,1
1397606945,1
265146446,1
265146446,2
265146446,3
1732431919,1
796671761,1
749536886,1
1207546328,1
1207546328,2
1207546328,3
1870224926,1
1795884306,2
1795884306,5
1574194407,1
1657670363,1
1657670363,2
1657670363,3
166649486,1
481086259,1
1502131773,1
597712627,1
1474656203,1
955166543,1
955166543,2
955166543,3
1730526563,1
1730526563,2
1730526563,3
808406262,1
1192189185,1
1192189185,2
290075012,2
290075012,3
290075012,5
1801167658,1
1801167658,2
1801167658,3
414822821,1
414822821,2
927756874,1
927756874,2
927756874,3
1682609878,1
1682609878,2
1682609878,3
356683066,1
1414406743,1
1414406743,2
1414406743,3
303134951,1
303134951,2
303134951,3
448339308,1
658335417,1
658335417,2
658335417,3
1861219798,1
1134307182,1
1446481345,1
1744360215,1
1744360215,2
1744360215,3
1744360215,5
1881949588,1
1079803223,1
1079803223,2
1079803223,3
827321599,5
15062,1
4222,1
4222,2
1780220882,1
1780220882,2
1780220882,3
1780220882,4
8144,1
5635,1
657649007,1
1996252514,1
26547,1
65663,1
65663,2
65663,3
1055,1
1055,2
118200,1
118200,2
118200,3
369576,1
369576,2
369576,3
369576,5
17424,1
11912,1
33521,1
2271,1
8483,1
28513,1
28513,2
28513,3
28986,1
19260,1
85857,1
29975,1
459104,1
490425,1
490425,2
490425,3
490425,5
494058,1
492736,1
868689686,1
868689686,2
322063165,1
313468,1
313468,2
313468,3
1674286069,1
1674286069,2
6336,1
492287,1
492287,2
492287,5
417963,1
496098,1
496098,2
513056,2
513056,3
497439,1
1986835154,1
1986835154,2
495082,2
495082,5
492361,1
503456,1
498345,1
498345,2
4712,1
502429,1
502429,2
508402,1
512895,1
512895,2
512895,3
1925317806,1
512306,1
1515498873,1
512337,1
512551,1
512551,2
512551,3
71792343,1
519545,1
519545,2
519545,3
519545,4
519192,1
2028408685,1
2028408685,2
2028408685,3
1901564987,1
655108940,1
664162484,1
474191099,1
145787409,1
145787409,2
145787409,3
864565610,2
864565610,3
864565610,6
66099908,1
1297345368,1
148897831,1
285233296,2
197488739,1
1317470579,1
575087095,1
515621883,1
943590253,1
943590253,2
943590253,3
131848180,1
1183023529,1
1183023529,2
1183023529,3
1114268641,1
1114268641,2
1114268641,3
8570120,1
340194589,2
2047077305,1
40880368,1
40880368,2
982010916,1
1033903483,1
1054736276,1
386303001,1
1374834939,1
1374834939,2
1374834939,3
840833296,1
570744418,1
1687781131,1
1687781131,2
1687781131,3
876369548,1
876369548,2
646165141,1
800487433,1
800487433,2
800487433,3
800487433,5
1097700395,2
1699124262,1
1313790173,1
1396724191,1
1396724191,2
1396724191,4
2070503153,1
2070503153,2
2070503153,3
1753704116,1
1753704116,2
1753704116,3
1753704116,5
488335006,1
275953216,1
593843967,2
593843967,3
593843967,5
8654,5
235,1
235,2
24208,1
8242,1
12845,1
18884,1
18884,2
18884,3
18884,4
18820,1
26522,1
26522,2
26522,3
28570,1
28570,2
28570,3
7158,1
65899,1
65899,2
65899,3
65899,4
29093,1
29093,2
9531,1
17757,1
1497,1
32207,1
130976,1
130976,2
130976,3
130976,5
14029,1
14029,4
12015,1
12015,4
66216,1
1601389319,1
31238,1
31238,2
31238,3
17000,1
460384,1
460384,2
460384,3
461449,1
16791,1
490348,1
489657,1
383341,2
383341,5
488436,1
488436,2
488436,3
13940,1
13940,2
495723,1
495723,2
495723,3
497572,1
498638,1
498638,2
498638,3
509249,1
509249,2
509249,3
497387,1
490880,1
490880,2
490880,3
77837,1
77837,2
77837,3
921590112,1
415409,1
415409,2
415409,3
415409,5
505015,1
23256,1
7331,1
510336,1
510336,2
510336,3
510336,5
508776,1
779258950,1
511882,5
511743,1
511743,2
511743,3
512921,1
514866,1
514486,1
514974,2
514974,3
514974,6
1520501777,1
1520501777,2
1520501777,3
1735094656,1
1735094656,2
1735094656,3
519358,1
519358,2
519358,3
1872074204,1
1872074204,2
1872074204,3
1795804476,1
1573619432,1
216020981,1
216020981,2
216020981,3
1370778725,1
470840663,2
470840663,3
470840663,5
1129126802,1
692105347,2
692105347,3
1565834559,1
332885450,1
1983880174,1
1085559783,1
129797603,1
763595669,1
1749060217,2
1749060217,3
1749060217,5
1476850343,1
826169635,2
1438678100,1
1438678100,2
1438678100,3
1318948058,1
1318948058,2
1318948058,3
1102646279,1
2090299883,1
1712837864,1
1712837864,2
1712837864,3
1426040084,1
737753514,1
838184267,1
1010083318,1
219526562,1
689180014,1
1249420345,1
1249420345,2
1253800827,1
62659189,1
525700863,1
351979791,1
760824620,1
258845537,1
258845537,2
258845537,4
2064978299,1
1181932941,1
1181932941,2
1181932941,3
715873020,1
511695004,1
511695004,2
511695004,3
253234167,1
253234167,2
253234167,3
375877687,1
375877687,2
819,1
8110,1
8110,2
8110,4
18916,1
18916,2
18916,3
2709,1
2709,2
1757,1
1757,2
2397,1
2397,2
2397,3
2397,4
2635,1
2635,2
4162,1
4162,2
15538,1
324568485,1
324568485,2
18680,1
18680,2
126292,1
15681,1
15681,2
15681,4
32742,1
143541,1
143541,2
143541,3
18231,1
6942,1
6942,2
6942,3
6942,4
1546,1
11743,1
488607,1
5396,1
27473,1
489607,1
489607,2
489607,3
11117,1
459841,1
459841,2
488518,1
488518,2
488518,3
12770,1
489534,1
489534,2
489534,3
489534,4
492178,1
492178,2
492178,3
492178,5
488437,1
488437,2
488437,3
5870,1
498744,2
498744,3
510202,1
500552,1
501470,1
501470,2
22334,5
506376,1
506376,2
506491,1
506491,2
506491,3
506491,5
506491,6
511195,1
511195,2
1249600852,1
1249600852,2
516089,1
514790,1
514790,2
515580,1
514891,1
1805135588,1
516564,1
516564,2
516564,3
517645,1
517645,2
517645,3
673382043,1
799878191,1
1480440720,1
1480440720,2
1480440720,3
511181708,2
460770386,1
373507605,1
373507605,2
373507605,3
1822131860,1
1040802930,2
1040802930,3
664204689,1
664204689,2
664204689,3
1730200146,1
1730200146,2
1730200146,3
1681462442,1
1411398523,2
1411398523,6
277113247,1
1233312672,2
1233312672,3
1233312672,5
981483398,1
476455626,1
835455154,1
548794627,1
548794627,2
548794627,3
287819112,1
287819112,2
287819112,3
1198379037,1
1269486009,1
494160368,1
1492488443,1
1492488443,2
1492488443,3
28200239,1
1472123965,1
1327012121,1
369844276,1
1209034677,2
1209034677,3
1673876534,1
304355358,2
304355358,6
1533745081,1
1533745081,2
301027107,1
301027107,2
1957986522,1
1114147170,1
1076293803,1
116422423,1
314465928,1
1775804061,1
1033885642,1
1033885642,2
705215730,1
2000345433,1
1868356881,1
1868356881,2
1868356881,3
677168893,1
259795385,2
1642325524,1
374413644,1
505371550,1
505371550,2
505371550,3
2028160567,1
1939955544,1
1567756403,1
26992,1
26992,2
26992,3
16874,1
16874,2
16874,3
16874,4
1938,1
1938,2
730238586,2
12629,1
13158,1
22218,2
22218,3
22218,5
22797,1
22797,2
22797,3
23110,1
23110,3
29873,1
29873,2
29873,3
29873,4
29526,1
29526,2
15067,1
19536,1
19536,2
17124,1
17124,2
14081,1
12983,1
22986,1
22986,2
22986,3
65955,1
10945,1
16175,1
16175,2
16175,4
17794,1
17794,4
20992,1
6837,1
6837,2
6837,4
22168,1
22209,1
140035,2
140035,3
140035,5
19686,1
1462,1
1462,2
489253,1
489253,2
489253,3
489253,5
7103,1
7103,2
19657,2
19657,3
492935,2
492935,3
493277,1
493277,2
1881083535,1
1881083535,2
1881083535,3
504276,1
494840,1
20922,5
458729,1
458729,2
457724187,1
1623970547,1
1623970547,2
1623970547,3
492210,1
493939,1
493939,2
493939,3
493939,5
491243,1
490730,1
498458,1
498458,2
498458,3
501632,2
501632,3
501632,5
511665,1
506434,1
503566,1
870905192,1
508445,1
516097,2
516097,3
516097,5
509698,1
509698,2
512983,1
512983,2
514179,2
514179,3
514179,6
518086,1
518086,2
516752,1
516752,2
516752,3
362350179,1
1254718774,1
783609948,1
783609948,2
783609948,3
597761867,1
597761867,2
368384455,1
1919145068,1
942536337,1
942536337,2
126837310,1
2030023289,1
2030023289,2
1869189136,1
1869189136,2
1869189136,3
831934157,1
1956841871,1
350062553,1
350062553,2
350062553,3
79321410,1
264365784,1
2045265684,1
1917258634,2
1904996652,1
1688755398,1
1184012414,1
1184012414,2
1184012414,3
1791611703,1
271329153,1
1006424150,1
893876397,1
1937002451,1
1937002451,2
1937002451,3
182632692,1
1000184693,1
1000184693,2
1000184693,3
903240317,1
903240317,2
903240317,3
106565812,1
898137828,1
2005329090,2
2005329090,6
1314107079,1
1010685877,1
1312743291,1
1312743291,2
1331738068,1
1150265179,1
1527999811,1
1527999811,2
1527999811,3
144225822,1
9769,1
9769,3
8855,1
8855,2
8855,4
8694,1
28394,1
28394,2
28394,3
9427,1
19622,1
19622,2
19622,3
7457,1
2066,1
24238,1
24238,2
24238,3
7100,1
115546,1
115546,3
7056,1
7056,2
7056,3
369565,1
369565,2
369565,3
2634,1
2634,2
2634,4
7995,1
18566,1
66174,1
66174,2
66174,4
19153,1
17362,1
6256,1
6256,2
491467,1
491467,2
459262,1
33873,1
33873,2
33873,3
490537,1
27745,1
491705,1
491705,2
491705,3
491705,4
417801,2
417801,3
417801,5
516082,1
496052,1
1474690165,1
461534,1
461534,2
461534,3
496421,1
496421,2
496421,3
496421,4
497464,1
1252460272,2
1252460272,3
498871,1
498662,1
498662,2
498662,3
20459,1
500066,1
500389,1
500389,2
500389,3
1809899630,1
1746925300,1
149675302,1
149675302,2
149675302,3
517077,1
517077,2
517077,3
518875,1
518875,2
518875,3
621254945,1
1728081276,1
1728081276,2
1728081276,3
1421834706,1
64300975,1
1566403385,1
780943616,1
780943616,2
780943616,3
1318043161,1
1318043161,2
1318043161,3
1318043161,4
749092120,1
749092120,2
749092120,3
1559544038,1
1559544038,2
1559544038,4
539681374,5
1556495860,1
1269905984,1
1269905984,2
454471502,1
2105826178,1
654543582,1
654543582,2
654543582,3
375960865,1
1864374139,1
1864374139,2
1864374139,3
954250822,1
954250822,2
954250822,3
1559822714,1
799246612,1
799246612,2
799246612,3
329199406,1
329199406,2
329199406,3
468880140,1
468880140,2
468880140,3
1557946295,2
1557946295,3
1557946295,5
1557946295,6
1388445676,1
1388445676,2
1388445676,3
489283000,1
489283000,2
489283000,3
1030451498,1
281802051,1
504901183,1
174553474,1
174553474,2
174553474,3
1884146824,1
369207202,1
369207202,2
1540019723,1
463447553,1
463447553,2
463447553,3
1078451966,1
1078451966,2
1078451966,3
1078451966,4
495837244,1
1864580964,1
1864580964,2
1864580964,3
951160620,1
951160620,2
1827019334,1
1827019334,2
1827019334,3
1827019334,4
694304289,1
84187323,1
84187323,2
84187323,3
939383781,1
993910146,1
908745602,1
135286569,1
103890370,1
103890370,2
103890370,3
1207783470,1
1207783470,2
1207783470,3
52765415,1
1117905958,2
1117905958,5
155820977,1
155820977,2
155820977,3
803551589,1
509540211,1
210472759,1
210472759,2
403925635,2
403925635,3
235551340,1
15141,1
15141,2
509508,1
509508,2
19334,1
19334,2
5804,1
19288,1
19288,2
18906,1
18906,2
18906,3
9402,1
13961,1
13961,2
10517,1
10517,3
12453,1
12453,2
7335,1
9455,1
9455,2
4364,1
7658,1
7658,2
7658,4
4449,1
4449,2
4449,3
3235,1
2104,1
2104,2
2104,4
1835,1
14361,1
14361,2
14361,4
460649,1
460649,3
460695,1
460695,2
460695,3
6715,1
6715,2
6715,3
15082,1
2787,1
2787,2
2787,3
2787,4
417872,1
417872,2
417872,3
489394,1
499111,1
19023,1
493618,1
68018,1
68018,2
68018,3
68018,5
493395,1
1629774880,1
495764,1
495764,2
492547,1
492547,2
497412,1
497697,1
497697,2
495378,1
495378,2
495378,3
2043449207,1
2043449207,2
2043449207,3
948446385,1
2126,1
2126,2
2126,4
500025,1
500025,2
500025,3
504689,1
504689,2
504689,3
1376327401,1
1376327401,2
1376327401,3
1376327401,4
509555,1
1844151778,1
506480,1
508698,1
511305,1
511327,1
512101,1
512101,2
512101,3
1241996755,1
770229477,1
515670,1
515670,2
516624,1
519257,1
519257,2
519257,3
522224787,1
522224787,2
1180890490,1
994405559,1
428452832,2
428452832,3
1664097685,1
1608807548,1
1608807548,2
1608807548,3
1068239917,2
694090535,1
667334665,2
667334665,3
667334665,5
1014298833,1
635910030,1
1169772782,1
1062834287,1
84504405,1
84504405,2
617916704,1
493996408,1
1197799167,1
1853454333,1
260774925,1
260774925,2
260774925,3
1193937911,1
1193937911,2
1193937911,4
1365842505,1
385545687,1
736691289,1
1517221989,1
351715590,1
517023812,1
118893633,1
2051805838,1
2051805838,2
2051805838,3
1405134282,1
531697421,1
965094359,1
1751788085,1
1751788085,2
1751788085,3
1114538240,1
1357872401,1
1804808517,1
1713183937,1
1454543960,1
106947336,1
1772996180,1
1772996180,2
1772996180,3
1274151047,1
2033663089,1
6120,1
822,1
25417,1
19140,1
10285,1
10285,2
5547,1
240,1
66254,1
65967,1
65967,2
9192,1
7157,1
25180,1
25180,2
25180,3
25180,4
33945,1
33945,2
33945,3
2124779413,1
5890,1
5890,2
5890,3
5890,4
14864,1
14864,2
14864,4
11,1
11,2
11,4
489069,1
488559,1
370345,1
370345,2
370345,3
793447520,1
18908,1
488851,1
488851,2
14700,1
491769,1
491769,2
491769,3
494903,1
494903,2
494903,3
31946,1
31946,2
17517,5
476439,1
476439,2
476439,3
496982,1
507735,1
494134,1
494134,2
494134,3
497818,1
26384,5
404140134,1
979332452,1
979332452,2
979332452,3
500231,1
500224,1
500224,2
500224,3
459300,1
459300,2
505065,1
509066,1
509066,2
509066,3
514425,1
514456,1
512968,1
512968,2
512968,3
512160,1
512160,2
512160,3
513715,1
518256,1
518256,2
518256,3
518256,4
515865,1
107311203,1
1436037152,1
519372,1
1055720961,1
467499896,1
1659295295,2
1659295295,3
1659295295,5
298860868,1
298860868,2
298860868,3
735602708,1
387778579,2
387778579,3
783596487,1
783596487,2
783596487,3
570278441,1
1942870634,1
1942870634,2
1942870634,3
1484664432,1
814559054,1
814559054,2
814559054,3
556097834,1
10613493,1
246257593,1
246257593,2
1176961062,1
1111882382,1
1111882382,2
1111882382,3
881947012,1
1959204573,1
1985775240,1
1985775240,2
1985775240,3
1985775240,4
1745524301,1
329597530,1
1355624463,1
337032217,1
1085869247,1
1237501327,1
2109074969,2
2109074969,3
584763370,1
584763370,2
552716450,1
722491824,2
722491824,3
1956277750,1
1956277750,2
1956277750,3
1624769103,1
631362990,1
799315757,1
197722329,1
721638285,1
886435538,1
1409252674,1
1495324368,1
774619998,1
774619998,2
774619998,3
1884881253,5
3256,1
5158,1
14880,1
23268,1
23268,2
23268,3
5406,1
14198,1
1548985796,1
65706,1
65706,2
65706,3
10895,1
1598,1
2030,1
369588,1
369588,2
369588,4
4769,1
4769,2
31885,1
31885,2
31885,3
31885,4
21643,1
21643,2
21643,4
16372,1
16372,2
4089,1
28557,1
28557,2
28557,3
7109,1
32513,1
22400,1
22400,2
22400,3
129103,1
1371351268,1
460686,1
369637,1
491787,1
491787,3
417968,1
417968,2
417968,3
490771,1
492763,2
492763,5
495856,1
495856,2
495856,3
488488,1
488488,2
488488,3
491517,1
7704,1
7704,2
494081,1
19984,1
19984,2
19984,3
19984,5
495819,1
495819,2
492429,1
492429,2
492429,3
490436,1
490436,2
490436,3
2098897146,1
490857,1
32795,1
32795,2
4508,1
1814232683,1
1814232683,2
515110,1
515110,2
515110,3
506411,1
506411,2
509185,1
509185,2
509932,1
509932,2
515068,1
515068,2
515068,3
1579552694,1
1579552694,2
1579552694,3
1579552694,4
513021,1
513021,2
513021,3
519100,1
518405,1
518965,1
519148,1
552904779,1
552904779,2
1564072754,1
892799604,1
892799604,2
892799604,3
251199992,1
1762370869,2
1872405818,2
942103563,1
15387281,1
15387281,2
15387281,3
89250567,1
1018469706,1
1018469706,2
309029286,1
18070083,1
484410480,1
772421245,1
772421245,2
772421245,3
1202054855,1
820224604,1
573534092,1
1386907422,1
1386907422,2
1386907422,3
463659004,1
463659004,2
463659004,3
568306294,1
1157437541,1
1827452734,1
1827452734,2
687013151,1
1017334726,1
1017334726,2
1017334726,3
1017334726,4
1630554558,1
1630554558,2
1630554558,3
1630554558,4
349240454,1
349240454,2
1623295960,1
1623295960,2
1903182640,1
1903182640,2
1903182640,3
1289290574,1
1289290574,2
1289290574,3
631454636,1
1012119157,1
1012119157,2
2104679469,1
496040,1
975815975,1
24761382,1
24761382,2
1525418733,1
1427281643,1
1447810239,1
1447810239,2
1447810239,3
1046204006,1
240178513,2
286274851,1
595076136,1
1654731614,1
10767,1
3541,1
3541,2
13354,1
13354,2
7994,1
7994,2
22720,1
16553,1
16553,2
15533,1
15533,4
7542,1
33692,1
103831,1
103831,2
103831,3
103831,4
12232,1
12232,2
12232,3
12232,4
5620,1
5620,2
12430,1
22336,1
22336,2
22336,3
22336,4
138566,1
3810,1
3810,4
19490,1
19490,2
23134,1
23134,2
23134,4
461339,1
461339,2
4672,1
490373,1
490373,2
490373,3
1952,1
2651,1
3300,1
489062,1
489062,2
489062,3
313969585,1
67872,1
67872,5
506452,1
499461,1
499461,2
499461,3
65801,1
65801,2
502830,1
510352,1
478314500,1
511817,1
511817,2
511817,3
511817,5
509963,1
511995,1
511995,2
513753,1
513753,2
513753,4
511668,1
56339591,1
1457155279,1
513185,1
1095110822,1
513989,1
514374,2
512524,1
513017,1
50925173,1
966857034,1
518607,1
518607,2
518607,3
518607,5
1646904797,1
518711,1
518711,2
924611675,1
2010227250,1
142100094,1
83600287,1
2044247183,1
2044247183,2
2044247183,3
492778073,1
492778073,2
492778073,3
492778073,4
741249831,1
741249831,2
741249831,3
741249831,5
1017537377,1
1017537377,2
1017537377,3
17598420,1
1190587387,1
1190587387,2
1190587387,3
1190587387,4
1879357497,1
1639504976,1
461934448,1
1217246483,1
1217246483,2
1217246483,3
777836648,1
1702559244,1
33498346,1
725952850,1
1156778281,1
1156778281,2
1156778281,3
1317952081,1
1317952081,2
1317952081,3
1856106566,1
1856106566,2
1322168367,1
1322168367,2
815708878,1
556366820,1
556366820,2
556366820,3
811337843,1
1048665681,1
500578635,2
500578635,6
511903010,1
511903010,2
1107544522,1
571488220,1
1534124527,1
2015656787,1
1523739754,1
1523739754,2
1523739754,3
327455964,1
1489488028,1
1489488028,6
706647978,1
1855321584,1
1609205189,1
1381930450,1
363150807,1
411010654,1
1030455505,1
11125,1
11125,2
11125,3
23880,1
9318,1
11065,1
1705,1
129999,1
129999,2
31742,1
31742,2
31742,3
4475,1
4475,2
4475,4
12594,1
19259,1
19259,2
19259,4
66246,1
66246,2
66246,3
2171,1
25376,1
25376,2
503749,1
19973,1
19973,2
2210,1
2210,4
19376,1
313256,1
313256,2
313256,3
67424,1
67424,2
67424,3
2010744221,1
2010744221,2
489608,1
489608,2
489608,3
489458,1
489458,2
489458,3
490344,1
12830,1
33106,1
1182407203,1
819229048,1
418892281,1
497053,1
497053,2
497053,3
497053,4
498386,1
498386,2
498386,3
498386,5
496497,1
496497,2
496497,3
496941,1
491851,2
497800,1
497800,2
506098,2
504766,1
504766,5
501661,1
501157,1
501157,2
501157,3
499677,1
490843,2
1554052134,1
333536769,1
506451,1
506451,2
506451,3
510825,1
510825,2
510825,3
510825,5
1897867524,1
516660,1
515156,1
516664,1
328956119,1
328956119,2
328956119,3
518146,1
518204,1
518204,2
518204,3
518204,4
1774510513,1
1774510513,2
1774510513,3
518884,1
519491,1
1997107609,1
1997107609,2
1348737879,1
1348737879,2
1348737879,3
542197873,1
542197873,2
542197873,3
237747551,1
649991126,1
1600310041,1
215269611,1
489308483,1
489308483,2
489308483,3
595375512,2
595375512,6
508232282,1
130111369,1
1998460476,1
1998460476,2
1998460476,3
1173566249,1
987334443,1
650322282,1
1024694500,1
1024694500,2
1024694500,3
272581599,1
798041438,1
2083179419,1
903930165,1
1814352724,1
1814352724,2
1814352724,3
145906249,1
145906249,2
145906249,3
145906249,4
51193556,1
811790981,1
1171074419,1
667377300,1
1011756957,1
981321528,1
511808017,1
1559845263,1
384150967,1
384150967,2
384150967,3
165873081,2
837265233,1
1301482538,1
1292938871,2
1292938871,3
1600849257,1
1418888596,1
1418888596,2
1418888596,3
1136345206,1
8118,1
5341,1
5341,2
31551,1
31551,2
31551,3
31551,4
10119,1
15483,1
15483,2
4375,1
33631,1
33631,2
65947,1
65947,2
65947,3
94884,1
3682,1
3682,2
3682,3
3682,4
11879,1
369552,2
369552,3
369552,4
31757,1
31757,2
31757,3
31757,4
118204,1
15599,1
20001,1
20001,2
19132,1
19132,2
19132,4
450,1
450,2
450,3
450,4
417711,1
417711,2
417711,3
417711,4
29553,1
29553,2
6607,1
6607,2
6607,4
33081,1
33081,2
33081,3
33081,5
488838,1
488838,2
490105,1
49,1
489413,1
489413,2
489413,3
489413,5
494632,1
494632,2
494632,3
494591,1
494591,2
494591,3
495245,1
495245,2
492528,1
417810,1
417810,2
417810,3
417810,5
512431,1
14395,2
14395,3
495002,1
495002,2
497769,1
497769,2
497769,3
497769,4
20907,1
20907,2
20907,3
751507360,5
503664,1
502918,1
504451,1
504451,2
504451,3
510196,1
510100,1
499310,2
513234,1
515621,1
513004,1
513004,2
513004,3
512981,1
516921,1
516921,2
513640,1
513640,2
515642,1
509561,1
514661,1
515001,1
1313679836,1
518980,1
518980,2
518980,3
124407790,1
124407790,2
124407790,3
105169862,1
223498983,2
223498983,3
223498983,5
1405679224,2
421259832,1
421259832,2
421259832,3
383444760,1
1478287544,1
1488731479,1
1310524846,1
1042236765,1
1386697379,1
1386697379,2
1386697379,4
1174880646,1
1227893925,1
1177491790,1
1144809661,1
1144809661,2
1144809661,3
1713359806,1
1713359806,2
1101694440,1
2084697325,1
1329752437,1
408274885,1
612443131,1
95537711,1
1048998963,1
1073354082,1
1027255885,1
1026790489,1
322411863,1
547294891,1
754679985,1
306451791,1
401050785,1
1322855150,1
1997774934,1
691578957,1
691578957,2
691578957,3
691578957,5
1817233128,1
687499288,1
1979075579,2
1979075579,5
18924,1
18924,2
539,1
15507,1
27377,1
18833,1
18833,2
18833,3
18833,4
16617,1
16617,2
16617,3
1024,1
14041,1
3301,1
5951,1
5951,2
324573,1
18585,1
11402,1
11402,2
11402,4
1273,1
1273,2
92930,1
6818,1
460546,1
1520,1
1520,3
133423,1
133423,2
133423,3
2805,1
2805,2
6528,1
6528,2
16400,1
493927,1
492373,1
10553,1
415826,1
415826,2
415826,3
30057,1
30057,2
492984,1
492984,2
492984,3
491022,1
505420,1
490404,1
351385416,1
351385416,2
123946565,1
22051,3
22051,5
12123,1
12123,2
12123,3
500409,2
500409,6
1707018806,1
1707018806,2
513567,1
513567,2
513567,3
506236,1
514857,1
2135719898,1
2135719898,2
1956574897,1
967106134,1
513819,1
513819,2
513819,3
514962,1
514962,2
514962,3
514962,4
1709696975,1
1778360343,1
518715,1
518715,2
518715,3
1722487482,1
1408091664,1
555044165,1
1009351538,1
1200179295,1
1631161787,1
1631161787,2
1631161787,3
251866889,1
790563148,1
1012847441,1
1177103137,1
1878350916,1
1751348506,1
1531824392,1
561028012,5
2028350281,1
1274389192,1
515053710,1
1610909511,1
1610909511,2
1610909511,3
2065843490,1
2065843490,2
2065843490,3
1595586362,1
1595586362,2
1595586362,3
1153797151,1
118782198,1
1185403782,1
1185403782,2
1169348296,1
955833519,1
955833519,2
955833519,3
955833519,5
798610653,1
155744905,1
932918563,2
932918563,5
847200227,1
731850212,1
1488315469,1
1488315469,2
1488315469,3
1205481931,1
827997013,1
1607284328,1
460308244,1
460308244,2
2145503454,1
2145503454,2
818633916,2
818633916,3
1038690617,1
1197213305,1
1197213305,2
1197213305,3
216316552,1
216316552,2
1040990164,1
1040990164,2
1674807430,1
1674807430,2
1674807430,3
1640905833,1
1640905833,2
1640905833,3
1640905833,4
1421,1
1421,2
17580,1
17580,2
10260,1
18756,1
18756,3
24324,1
2162,1
2162,2
21222,1
21222,2
12004,1
4817,1
17777,1
7528,1
7528,2
8095,1
8095,2
31908,1
31908,2
31908,3
5975,1
19410,1
19410,2
13686,1
13686,2
13686,3
13686,4
13666,1
13666,4
17236,1
17236,2
17236,4
10436,1
369365,1
15005,1
15005,4
8451,1
8451,2
30591,1
417791,1
417791,2
138583,1
138583,3
459754,1
417932,1
417932,2
417932,3
417932,5
693248415,1
489307,1
488984,1
488984,2
488984,3
788504274,1
26659,1
26659,2
26659,3
26659,5
493877,1
493877,2
493877,3
18522,1
18522,2
18522,3
16562,1
16562,2
488880,1
493244,2
493244,3
492522,1
709163865,5
68689395,1
68689395,2
15849,1
496916,1
496916,2
496916,3
496916,5
4185,1
1628282362,1
500799,1
499929,1
500599,1
554340228,1
503932,1
503932,2
503932,3
503932,5
511780,1
1281246848,1
1281246848,2
1281246848,3
508600,1
508600,2
511134,1
511134,2
511134,3
514426,1
511640,1
1317721335,1
1722376710,1
1722376710,2
1722376710,3
2055790214,1
2055790214,2
808460758,1
808460758,2
808460758,3
1688112273,1
2120403770,1
1909037620,1
1375566672,1
1375566672,2
1375566672,3
1078541898,1
1146332191,1
1968720930,1
1750936240,1
502866917,1
1972660570,1
1972660570,2
1972660570,3
1972660570,5
2128139746,2
2128139746,3
2128139746,5
1910993272,2
524807049,1
947703197,1
1613139833,1
1613139833,2
2043627368,1
2043627368,2
2043627368,3
2043627368,4
160739900,1
481379047,1
2112720844,1
1498108698,1
923450962,1
1123231669,1
1123231669,2
1123231669,3
1123231669,5
835934329,1
835934329,2
835934329,3
2146012718,1
1911350893,1
1911350893,2
1049831630,1
987203873,1
987203873,2
2032997534,1
1836629033,1
258824392,1
258824392,2
258824392,3
557324782,1
1250073325,1
2037206095,1
718432095,1
718432095,2
718432095,3
843932211,1
1174119429,2
1517456256,1
1254759083,1
505,5
28565,1
28565,2
28565,3
13182,1
13182,2
16313,1
16313,2
16313,4
3290,1
14860,2
14860,3
14860,5
21349,1
21349,2
3721,1
3721,3
7883,2
11816,1
369562,1
369562,2
369562,3
9423,1
9423,2
19268,1
19268,2
17682,1
17682,4
7778,1
7778,2
2034731736,1
115978,1
115978,2
115978,3
115978,4
417697,1
417697,2
417697,3
417697,4
19105,1
2298,1
2298,2
2298,4
18786,1
67562,1
23609,1
23609,2
7195,1
3564,1
3564,2
489944,1
492367,1
18168,1
489466,1
489466,2
489466,3
28947,1
478467,2
459341,1
491370,1
9488,1
9488,4
498085,1
66002,1
568,1
1664649323,1
1664649323,2
502881,1
493080,1
493080,2
493080,3
368902,1
368902,2
495177,2
495177,3
498285,1
675801934,1
498129,1
492286,1
492286,2
492286,3
492286,5
499379,2
499379,4
499379,5
499537,1
499537,2
499537,3
499537,4
27810,1
5511,1
506103,1
506103,2
506103,3
509191,1
503829,5
1184899483,1
509531,1
516899,1
516899,2
289321230,1
513366,1
513366,2
513366,3
513366,4
513594,1
513942,1
513942,2
513942,3
515486,2
515486,3
512043,1
515377,1
515377,2
515459,1
515459,2
515459,3
517320,1
1903952429,1
1903952429,2
305890928,1
1109340850,1
187712980,1
187712980,2
1865647616,5
567132865,1
567132865,2
567132865,3
1816749448,1
1489336423,1
1582051994,1
1278791066,1
547081459,1
1754721668,1
704979750,1
704979750,2
704979750,3
755124965,1
581142585,1
1908293093,1
1908293093,2
1908293093,3
950330869,1
1691122718,1
1691122718,2
1642174625,1
1642174625,2
1642174625,3
1128738037,1
717666273,1
1119482715,1
1520749343,1
419828437,1
419828437,2
419828437,3
490959,1
490959,2
1832898108,1
1832898108,2
1832898108,3
1832898108,4
1255503333,1
1255503333,2
1255503333,3
953328562,1
953328562,2
1766863044,1
1148603226,1
18526,1
2711,1
15467,1
15467,2
10818,1
10818,2
23238,1
1595783367,1
10089,1
5624,1
509509,1
12369,1
12369,2
12369,5
9511,1
9511,2
26960,1
11034,1
19128,1
19128,2
19128,4
3160,1
17222,1
17222,4
9140,1
4176,2
4176,3
3196,1
3196,2
488353,1
488353,2
488353,3
488353,4
489815,1
489815,2
489815,3
489815,4
489594,5
3381,1
3381,2
458650,1
458650,2
458650,4
14582,1
14582,2
14582,3
6438,1
522973302,1
494767,1
494767,2
494767,3
494767,4
495563,1
495563,2
510611,1
500612,1
517256,1
517256,2
931928163,1
931928163,2
931928163,3
496738,2
2108475186,1
1656855126,1
1601561795,1
1601561795,2
476396,1
13048,1
497906,1
497906,2
497906,3
512422,5
499254,1
499254,2
499254,4
1511503901,1
1511503901,2
502377,1
502377,2
502377,3
506269,1
506269,2
506269,3
506269,4
1511392140,1
509614,2
509614,6
511752,1
2712,1
2712,2
515072,1
515210,2
515210,5
1368829066,1
1368829066,2
1368829066,3
1682057974,1
517241,1
517241,2
1343221572,1
1459947934,1
519085,1
1138083028,1
1933145458,1
1933145458,2
1933145458,3
394720237,1
1986391370,1
450518812,1
490307330,1
1303508598,1
867147028,1
867147028,2
453402193,1
2133205489,1
1514558606,1
1514558606,2
623775229,1
1075593745,1
1075593745,2
1997762304,1
1014206491,1
1574243913,1
1574243913,2
747530903,1
747530903,2
747530903,3
747530903,4
856396064,1
856396064,2
856396064,3
155185231,1
665901393,1
665901393,2
269774996,1
1032158332,1
526404702,1
1798399475,1
1670682917,1
856843220,1
286425818,1
874527712,1
1496612334,1
1496612334,2
1496612334,3
1396827532,1
1406636694,1
1406636694,2
1406636694,3
2040,1
349,1
349,2
2955,1
2955,2
2955,3
4796,1
5654,1
5654,2
31054,1
31054,2
31054,3
10861,1
19089,1
19089,3
68028,1
1685,1
67475,1
7034,1
16198,1
16119,1
4554,1
4554,2
27534,1
27534,2
460640,1
9191,1
9191,2
9191,3
476442,1
313464,1
313464,2
507310,1
484696624,1
507667,1
512502,1
6399,1
6399,2
1582968846,1
1582968846,2
498123,1
1737230705,1
1737230705,2
1737230705,3
81920088,1
497462,1
497462,2
497462,3
15593,1
15593,2
15593,3
20919,2
20919,5
494196,1
1679131307,1
762653724,1
502313,1
700550196,1
700550196,2
512973,1
505964,1
506104,1
506104,2
514444,2
514444,3
506344,2
506344,6
510874,1
162663461,1
513190,1
511725,1
823206353,1
1733324304,1
517668,1
518164,2
518164,3
518164,5
634415906,1
947947891,1
2040716069,1
2040716069,2
2040716069,3
2040716069,4
879648744,1
1154929982,1
547764384,1
1090842844,1
303804422,1
1688925820,1
1688925820,2
1688925820,3
1688925820,5
1504306086,1
2141183970,1
950189725,1
950189725,2
950189725,3
82073865,1
766373583,1
766373583,2
766373583,3
520874990,1
520874990,2
520874990,3
520874990,4
1855871985,1
1297192479,1
1088733153,1
482130375,1
482130375,2
1125073531,1
574734711,1
574734711,2
574734711,3
574734711,5
2031365572,1
2031365572,2
2031365572,3
1597916725,1
1597916725,2
1597916725,3
1693002859,1
1693002859,2
1693002859,3
1370940026,1
1370940026,2
7049,1
740574587,2
1741699785,1
1741699785,2
1741699785,3
1741699785,4
1422345681,1
1487337214,1
116916784,2
1004019965,1
1004019965,2
1110838725,1
1029574441,1
1709063552,1
894418282,1
1913756018,1
1738928929,1
1412052127,1
55,1
55,3
1885,1
1885,2
4012,1
4012,2
22652,1
22652,2
19100,1
19100,2
19100,3
19100,4
28046,1
28046,2
28046,3
5682,1
5682,2
5682,4
22038,2
31567,1
2070150953,1
135420,1
24288,1
24288,2
24288,3
24288,4
33104,1
33104,2
33104,3
33104,4
12582,1
12582,2
460644,1
460644,2
460644,3
65871,1
460504,1
460504,2
460504,3
460504,4
7884,1
7884,2
488789,1
24636,1
24636,2
24636,3
9292,1
7943,1
7943,2
490174,1
25130,1
490696,1
490696,2
368885,1
490384,1
370316,1
370316,2
499825,1
496790,1
493096,1
489836,1
489836,2
23883,5
502502,1
502502,2
502502,3
497682,1
497682,2
497682,3
31575,1
504248,1
498302,2
458312,1
500447,1
504097,1
1711383322,1
1688374810,1
1688374810,2
445444679,1
605155026,1
510589,1
514937,1
513971,1
514878,1
752209654,1
518902,1
739179365,1
1854097185,1
1854097185,2
1105463594,1
1105463594,2
1105463594,3
673594658,1
1697689354,1
966064811,1
966064811,2
966064811,3
188824012,1
833108418,1
833108418,2
833108418,3
519716664,1
136173336,1
309014387,1
197234813,1
1179447665,1
1179447665,2
1179447665,3
106587080,1
1885576716,1
587807694,1
717059558,1
147933132,1
147933132,2
147933132,3
246412821,1
1967641178,1
1292820701,1
1492006887,1
639544826,1
381933311,1
590911028,1
590911028,2
590911028,3
1840541068,1
936475509,1
2046272997,1
840623908,1
987277565,1
987277565,2
987277565,3
2030191514,1
1414588349,1
1414588349,2
1414588349,6
35458465,1
35458465,2
992881939,1
992881939,2
992881939,3
1926052189,2
744850822,1
36155611,5
1105651362,1
870020169,1
23961,1
11386,1
28081,1
17343,1
17343,2
18791,1
17394,1
13223,1
13223,2
1821,1
1821,2
1821,3
1821,4
65900,1
65900,2
10001,1
20932,1
67719,1
67719,2
11481,1
11481,2
20104,1
20104,2
20104,3
20104,4
14043,1
14043,4
8436,1
8436,2
417897,1
417897,2
417897,4
2507,1
13884,1
13884,2
460639,1
1230,1
2478,1
28867,1
28867,2
28867,3
28867,5
4469,1
460924,1
9113,1
459974,1
459974,2
459974,3
417984,1
22708,1
22708,2
30986,5
493194,1
493194,2
493194,3
491513,1
491513,2
491513,3
495460,1
1870998019,1
1870998019,2
1870998019,4
502283,1
496347,1
496347,2
496347,3
11088,1
498484,1
495319,2
495319,5
460317,1
389177,2
389177,5
282150,2
282150,3
29068,2
500039,1
502948,1
826,1
506440,1
506440,2
506440,3
509408,1
288839742,1
512804,1
512804,2
512804,3
516096,1
516096,2
515978,1
515978,2
515978,3
515978,5
515978,6
869268505,1
517403,1
517403,2
517403,3
518008,1
518013,1
1565999118,1
1565999118,2
1562132027,1
1562132027,2
1562132027,3
181828341,1
1535565784,1
108763890,1
108763890,2
965935360,1
1666420060,1
961829570,1
1371363232,1
1371363232,2
1371363232,3
141404399,1
141404399,2
275488920,1
275488920,2
275488920,3
811670766,1
875869495,1
875869495,2
875869495,3
549863442,1
848534220,1
769325385,1
862021340,1
862021340,2
862021340,3
169076363,1
169076363,2
718396093,1
782304098,1
782304098,2
1959536846,1
1869846020,1
1869846020,3
535768612,1
2043951275,1
583754452,1
583754452,2
583754452,3
42087488,1
488027078,1
1571570632,1
1793770219,1
1793770219,2
1793770219,3
320781129,1
384767715,1
1288749557,1
19471,1
16592,1
16592,2
18827,1
11251,1
11251,2
11251,3
11251,4
17305,1
17305,2
317,1
18915,1
3916,1
3916,2
20821,1
20821,2
2277,1
2277,2
2277,3
1365,1
1365,4
8143,1
8143,2
8143,4
3660,1
3660,4
73902,1
313536,1
313536,2
313536,3
8839,1
21245,1
21245,2
459444,1
459444,2
488732,1
488732,2
18403,1
18403,2
489326,1
496021,1
496021,2
496021,3
491189,1
491189,2
491189,3
3644,1
27482,1
27482,2
27482,3
699634280,1
699634280,2
543862309,1
493167,1
493167,2
493167,3
496259,1
67618,1
67618,2
67618,3
67618,5
490656,1
490656,2
16855,1
910,1
514079,2
514079,3
514079,5
500560,1
500578,1
500578,2
500578,3
497441,2
497441,5
1360659443,1
1360659443,2
1360659443,3
1360659443,4
508289,1
508289,2
508289,3
506384,1
509619,1
511455,1
511784,5
512138,1
512138,2
512138,3
515069,1
515242,1
518023,1
518023,2
518023,3
518023,4
531410699,1
220177395,2
220177395,3
345042449,1
345042449,2
305060438,1
619730650,1
619730650,2
619730650,5
1296062304,1
1747174592,2
495066088,1
495066088,2
166061192,1
1781853522,1
1063457709,1
1225219354,1
1225219354,3
1407310739,1
557609183,1
1397353533,1
972904530,1
118406330,1
118406330,2
118406330,3
406630242,1
225120360,2
1655876188,1
1655876188,2
1980501365,1
1445099580,1
1815596478,1
149833097,1
290392905,1
637780161,1
1943848661,1
202076418,1
1752985670,1
1752985670,2
1752985670,3
1307803086,1
80553015,1
80553015,2
80553015,3
80553015,6
1625169112,1
2136788511,1
1516351733,1
1758638557,1
1758638557,3
1758638557,4
54558884,1
1923144012,1
235917052,1
2026154742,1
251074253,1
251074253,2
251074253,3
407768102,1
2009227811,1
18864,1
3852,1
21495,1
21495,2
21495,5
6410,1
9479,1
9282,1
68015,1
68015,2
23078,1
23078,2
23078,4
11705,1
2332,1
2332,2
2332,3
526495032,1
126289,1
126289,3
459452,1
459452,2
17500,1
17500,2
1150,1
1150,2
21815,1
19577,1
19577,2
19577,4
17747,1
459033,1
9778,1
418073,1
418073,2
418073,3
488564,1
489409,1
489409,2
489395,1
490465,1
496233,1
68061,1
68061,3
427536706,1
427536706,2
427536706,3
489169,1
489169,2
489169,3
489169,5
498919,1
14204,1
488840,1
701545507,1
461435,1
491339,2
491339,3
505619,1
505619,2
505619,3
4671,1
499463,1
499714,1
30012,1
500771,1
42663973,1
16229,1
508322,1
508322,2
506406,2
506406,3
515862,1
514649,1
514649,2
514649,3
223302528,1
1122312301,1
1456587491,1
1456587491,2
1456587491,3
2047407036,1
102962004,1
431371739,2
431371739,3
431371739,5
1662245068,1
1830457661,1
1830457661,3
1096063833,1
1666023148,1
2125330172,2
1866271276,1
1584532157,1
325280449,1
1733761810,1
1063236455,1
1090556974,1
1798919967,1
1004654271,1
1308655139,1
1308655139,2
1308655139,4
2042120989,2
1600770869,1
1600770869,2
1600770869,3
293214008,1
293214008,2
293214008,3
1096736985,1
1096736985,2
650600011,1
1055516282,1
1055516282,2
1055516282,6
42826798,2
42826798,3
1010981658,2
1010981658,3
932211476,1
932211476,2
251880403,1
828938645,1
1012327585,1
1243708703,2
837857790,1
721187880,1
1783673256,1
1058345623,1
29513,1
2467,1
18886,1
18886,2
13049,1
13049,2
19277,1
11139,1
11139,2
11139,4
29143,1
29143,3
22678,1
6624,1
6624,2
29981,1
29232,1
29232,2
29232,3
29232,4
2848,1
2848,2
2848,4
12997,1
12997,2
12997,4
31444,1
8136,1
8136,4
10651,1
22454,1
417713,1
417713,2
417713,3
417713,4
65867,1
65867,2
65867,3
28636,1
461067,1
461067,2
26476,2
26476,3
26476,5
30831,1
30831,2
30831,3
491371,1
5809,1
492504,1
492504,2
492504,3
492504,4
727515478,1
727515478,2
17010,2
17010,5
491834,1
492501,1
494249,1
494249,2
494249,3
184615409,1
184615409,2
184615409,3
202433008,1
202433008,2
5808,1
492234,1
492234,2
492234,3
495388,1
497443,1
9704,1
9704,2
264640782,1
283350205,1
499618,1
499526,1
499526,2
499526,3
882,1
499518,1
505432,1
503478,1
503478,2
510811,1
503243,1
503243,2
503243,3
503243,5
510106,1
1688866001,1
612355184,2
612355184,3
612355184,5
2130500323,1
514620,1
514620,2
516651,1
513643,1
513643,2
513643,3
1131749400,1
229731726,1
879952238,1
278640838,1
707299447,1
349971132,2
349971132,5
685005254,2
685005254,3
1936295306,6
950675378,1
1464746370,1
1464746370,2
1464746370,3
391626249,1
1789504002,1
1789504002,2
1789504002,3
1667555869,1
246195072,1
246195072,2
400348739,1
759904815,1
759904815,2
759904815,3
1420544825,1
1396865555,1
1396865555,2
694039307,1
694039307,2
694039307,3
694039307,6
1144229395,1
1144229395,2
602392506,1
602392506,2
602392506,3
1411785674,1
1376929045,1
1376929045,2
1376929045,3
121283525,1
121283525,2
121283525,3
512950689,1
1048207146,1
878360960,1
1419480843,1
1945760266,2
1945760266,5
1066067237,2
1066067237,3
1066067237,5
1071119203,1
1071119203,2
746769395,1
999140484,1
151959766,1
151959766,2
151959766,3
180652643,1
346698353,1
1338111130,1
1338111130,2
1338111130,3
767290296,1
767290296,2
767290296,3
1868053069,1
187,1
18734,1
18734,2
18734,3
18734,4
6758,1
6758,3
2598,1
2598,2
16652,1
10745,1
29448,1
29448,2
14543,1
14543,2
13959,1
32904,1
32904,2
32904,3
114185,2
18740,1
4789,1
4789,2
30367,1
19714,5
2502,1
31967,1
31967,2
31967,3
347,1
347,4
8330,1
2835,1
30924,2
30924,5
313566,1
460393,1
460393,2
460393,3
476449,1
476449,2
488378,1
488378,2
488378,3
418063,1
27449,2
502050,1
29037,1
17717,1
493112,1
493112,2
493112,3
502503,1
494684,1
494684,2
494684,3
3831,1
495323,1
497315,1
497315,2
497315,3
496067,1
497545,1
497545,2
497545,3
510877,1
498483,1
505861,1
505861,2
505861,5
518014,1
518014,2
518014,4
1267688912,1
506458,1
506458,2
506458,3
506458,4
19096,1
19096,2
559403262,1
747702304,1
747702304,2
747702304,3
91628704,1
922417542,1
922417542,2
2010603021,1
2010603021,2
2010603021,3
1022719138,1
1022719138,2
1022719138,3
1312214340,2
1312214340,5
1312214340,6
1960341762,1
2012309226,1
773961660,5
700257141,1
1076760154,1
1076760154,2
1076760154,3
1681200390,1
1579549057,1
1996053538,1
1996053538,2
1515862749,1
1939516635,1
1224724068,1
631723853,1
1975620892,1
477529029,1
687646796,1
1460641252,1
290961240,1
1021869162,1
733103714,2
733103714,5
956881793,1
621521040,2
621521040,3
616657652,1
616657652,2
616657652,3
1586407158,1
1803581244,1
1889189298,1
1309013960,1
1305300694,1
745958128,1
1507599933,1
1507599933,2
147324969,1
669197131,1
759838730,1
273632462,1
468272582,1
468272582,2
468272582,3
347466298,1
482579574,1
482579574,2
482579574,3
649861112,1
649861112,2
649861112,4
976777994,1
976777994,2
976777994,3
712808461,1
5097,1
23017,1
23017,2
23017,3
11258,1
11258,2
11258,4
17076,1
17076,2
21493,1
26559,1
32156,1
4105,1
252,1
252,2
1222,1
1222,2
13299,1
10551,1
10551,2
17743,1
26881,1
26881,2
26881,3
65997,1
65997,2
65997,3
19339,1
19339,2
19339,4
2045592890,1
2045592890,2
19020,1
19020,2
19020,3
19020,4
19441,1
16145,1
16145,2
16145,4
10278,1
10902,1
10902,2
10902,4
19858,2
19858,3
19858,5
34222,1
490379,1
490379,2
490379,3
488632,1
488632,2
488632,3
458128,1
313146,1
31811,1
494558,1
494558,2
510344,1
510344,2
510344,3
491403,1
491403,2
1201819487,1
496540,1
488675,2
488675,6
511974,1
511974,2
511974,3
504199,1
504199,2
504199,3
374711699,1
508662,2
508662,3
508716,1
508716,2
517360,2
517360,5
511229,1
511229,2
511229,3
516309,1
512987,1
512987,2
512987,3
512987,4
514205,1
514205,2
514205,3
349626339,1
1076084581,1
600834108,1
519579,1
1147745783,1
838226069,1
1608308954,1
1799693736,1
593597607,1
593597607,2
593597607,3
1228709591,1
1293419931,1
1399681620,1
1833197007,2
1833197007,3
1833197007,5
35409210,1
1874168551,2
2076301137,1
1023917542,1
1091548342,1
1824567799,1
2066834255,1
5784346,1
5784346,2
5784346,3
1487424848,1
641542614,1
978297816,1
978297816,2
42682186,1
1603372251,1
1029904029,1
326793505,1
1248633549,1
514734559,1
286759738,1
286759738,2
628949545,1
628949545,2
628949545,3
1941987062,1
1941987062,2
1941987062,3
538724705,2
538724705,3
538724705,5
484135395,1
484135395,2
484135395,3
494431518,1
494431518,2
494431518,3
1130051931,1
1130051931,2
1130051931,3
1204237869,1
1993079020,1
1097401568,1
39728973,1
1885725941,1
1885725941,2
1413930024,2
1413930024,3
1647925453,1
1896092709,1
1896092709,2
1896092709,3
1896092709,5
1896092709,6
1326284495,1
1861044388,1
1861044388,2
614192120,1
1890919318,1
1890919318,2
1890919318,4
1444178113,1
1444178113,2
1289419192,1
248463526,1
248463526,2
248463526,3
170212668,1
19030,1
19030,2
6877,1
7348,1
7348,2
7348,3
24394,1
24394,2
24394,3
25145,1
25145,3
31836,1
10070,1
10070,2
18881,1
18881,2
18881,3
18758,1
18758,2
18758,3
653624902,1
1093,1
26986,1
5789,1
5789,2
5789,3
9664,1
9664,2
9664,4
1771060953,1
1771060953,2
140005,1
31902,1
31902,2
5564,1
5564,2
5564,3
5564,4
3431,1
3431,4
18674,1
18674,2
369345,1
2312,1
2312,4
103445,1
12794,1
12794,2
417973,1
417973,2
417973,3
417973,4
11370,1
18115,5
489302,1
488615,1
488615,2
845666372,1
67474,1
67474,2
67474,3
67474,5
17092,1
1215374286,1
1215374286,2
5309,1
1483136307,1
1483136307,2
1483136307,3
31809,1
494507,1
493835,1
502901,1
498000,1
497590,5
496791,1
496809,1
496809,2
6415,1
6415,2
6415,4
498093,1
498093,2
498093,3
492531,1
492531,2
492531,3
14678,2
501925,1
12451,1
509065,1
509065,2
509065,3
1570364425,1
510194,1
1965979546,1
25487575,1
515605,1
515605,2
515605,3
515605,5
513992,1
514852,1
514852,2
514852,3
514852,4
2062936506,1
2062936506,2
2062936506,3
1893523506,1
1862702985,1
1517883421,1
1585949885,1
1585949885,2
1585949885,3
1127342185,1
1127342185,2
1127342185,3
1768423951,1
1768423951,2
1478888065,1
1478888065,2
1478888065,3
1478888065,5
977583491,5
1342532599,1
1342532599,2
1342532599,3
527236373,1
1891929535,1
1236225398,1
1236225398,2
1236225398,3
1921324857,2
1921324857,3
1162602094,1
140584091,1
1825533514,1
1825533514,2
1825533514,3
594562066,2
823574891,1
823574891,2
823574891,3
58197763,1
95777581,1
776413376,1
776413376,2
2137609152,1
1808565595,1
1808565595,2
1808565595,3
2026542716,1
817472516,3
407922769,1
407922769,2
407922769,3
407922769,5
1863055416,1
1362185105,1
1278195333,1
349113442,1
349113442,2
349113442,3
27725293,1
686116244,1
680617621,1
535849236,1
504371622,1
2133239372,1
187423292,1
187423292,2
187423292,3
1857688040,1
1857688040,2
1857688040,3
842995836,1
16582,1
4293,1
4293,2
15921,1
5106,1
17190,1
17190,2
12261,1
1144464298,1
1144464298,2
10395,1
14980,1
14980,2
14980,3
14980,4
11456,1
11456,2
11456,3
12686,1
12686,2
19261,1
19261,2
4501,1
7291,1
3470,1
14431,1
3655,1
459532,1
27036,1
27036,2
27036,3
27036,4
29950,1
29950,2
29950,3
19507,2
459736,1
118195,1
24557,1
24557,2
259153033,1
259153033,2
313563,1
313563,4
476437,1
476437,2
476437,3
476437,4
490345,1
490897,1
14632,1
461173,1
461173,2
461173,3
490438,1
490438,2
490438,3
490438,4
492206,1
492206,2
272319289,1
496044,1
496044,2
496044,3
498335,1
493570,1
493570,2
493570,3
497659,1
496142,1
496142,2
496142,3
488868,1
497816,1
497816,2
497816,3
317912951,1
460160,1
498821,1
498821,2
498821,3
506072,2
506072,3
506072,5
493499,1
348,1
492789,1
505211,1
505211,2
505211,3
505211,4
1941970222,1
510419,1
511841,1
1736914392,1
511850,1
511850,2
511850,5
860619936,1
516058,1
515456,1
515456,2
516374,1
515629,1
515629,2
1958047015,1
417145015,1
417145015,2
638072230,1
638072230,2
638072230,3
884420433,1
1892110925,1
1869092879,1
1869092879,2
1869092879,3
1869092879,4
1869092879,5
464823362,5
970551997,1
780022046,1
580954130,1
580954130,2
580954130,3
1922514805,1
1134393554,1
737093112,2
737093112,3
976324957,1
899185268,1
899185268,2
899185268,3
899185268,4
1016442748,1
1016442748,2
1016442748,3
1016442748,4
575161705,1
575161705,2
575161705,4
554140890,1
356636909,1
1365776902,1
1365776902,2
1365776902,3
559157260,1
2132925099,1
926388333,1
926388333,2
926388333,3
161006884,1
1263430436,1
254830978,1
177157840,1
1774444308,2
1774444308,4
1602252593,1
1208208142,1
1208208142,2
1684620312,1
301114212,1
301114212,2
301114212,3
1833267150,1
1833267150,2
1833267150,3
1833267150,4
974800016,1
1955635111,1
2021334265,1
2021334265,2
2021334265,3
1196766363,1
473851400,1
18165,1
18165,2
13564,1
13564,2
13206,1
27626,1
19028,1
19028,2
27209,1
27209,2
27209,3
6511,1
6511,2
6511,3
6511,4
28328,1
28328,2
28328,3
1847,1
1847,2
1847,3
28897,1
28587,1
28587,2
28587,3
9683,1
369591,1
369591,2
369591,3
31304,1
31304,2
12894,1
12894,2
12894,4
31007,1
31007,2
10527,1
14486,1
14486,4
988,1
988,2
988,4
6894,1
6894,2
6894,3
24310,1
24310,2
24310,4
1490157283,1
490314,1
490314,2
490314,3
575,1
488751,1
498878,1
490074,1
369346,1
489050,1
24544,1
460641,1
460641,2
84835,5
19988,1
495022,1
512890,1
23933,1
489833,1
496621,1
497411,1
497411,2
497411,3
497915,1
12715,1
499641,2
499641,5
858457321,1
505991,1
506383,1
506383,2
967669008,1
967669008,2
967669008,5
512345,1
514982,1
514982,2
514982,3
516728,1
516728,2
516728,3
518012,1
518004,1
1439982586,1
518005,1
1886971511,1
858373329,1
1811904515,1
1726534440,1
634723667,1
1944313612,1
1944313612,2
1944313612,3
1185475004,1
1185475004,3
1091040450,1
396618229,1
1413468402,1
1284999473,1
290655618,1
290655618,2
290655618,3
360555195,1
360555195,2
360555195,3
1760477474,1
2037719332,1
955182690,1
80833532,1
643774725,1
643774725,2
643774725,3
643774725,5
623879571,1
623879571,2
623879571,3
2135961392,1
2135961392,2
2135961392,3
148909725,1
2091165871,1
2091165871,2
1600404565,1
676116359,1
676116359,2
676116359,3
1173950709,1
1862556693,1
1862556693,2
1862556693,3
1990731722,1
1419045868,1
1130536655,1
189254018,1
2070085717,1
2070085717,2
2070085717,3
2130479107,1
955109973,2
1689413186,1
1689413186,2
1689413186,3
1912984725,1
558893946,1
1929330440,2
350555290,2
350555290,3
1623146829,1
1623146829,2
18775,1
1046,1
3329,1
16027,1
28490,1
28490,2
1379,1
1379,2
3948,1
3948,2
3948,3
3337,1
9248,1
9248,2
18114,1
5993,1
5993,2
5245,1
5245,2
13868,1
17045,1
17045,2
17045,4
12883,1
12883,4
23050,1
23050,2
23050,3
23050,5
28265,1
133413,1
6594,1
489545,1
33465,1
22798,1
22798,2
9348,1
494064,1
499831,1
4619,1
494486,1
494486,2
469848814,1
495435,5
497429,1
22868,1
22868,2
497586,1
2046538344,1
19761,1
19761,2
19761,4
2125,1
1193214592,1
1193214592,2
696581350,1
369439,5
504798,1
504798,2
5892,1
505523,1
514540,1
514540,2
514540,3
332448970,1
508508,1
508508,2
508992,1
508992,2
508992,3
510044,1
510044,2
510044,3
510044,4
510577,1
510577,2
510577,3
517838,1
515633,1
515633,2
515633,3
515633,5
516479,1
516887,1
1537106256,1
1537106256,2
517143,2
517143,3
517999,1
745113661,2
745113661,5
1966489811,1
543795917,1
812032467,1
812032467,2
1329991202,1
783472562,1
120262637,1
1436968331,1
1436968331,2
1436968331,3
2007572117,1
629789013,1
1803038332,1
1233281070,1
1157427142,1
1040463021,1
1040463021,2
1040463021,3
1040463021,4
53213670,1
1766084295,1
1269199974,1
1803407703,1
1156876593,1
1156876593,2
696605418,1
696605418,2
696605418,3
470349403,1
1716314459,1
76747837,1
1139802963,1
758167093,1
1880470232,1
16079015,1
11359725,1
11359725,2
11359725,3
477833668,1
920350091,1
1740761174,1
1740761174,2
1740761174,4
160988037,1
98441003,6
23863,1
15354,1
27382,1
27382,2
65862,1
29043,1
29043,2
29043,3
490887,1
490887,2
490887,3
15752,1
369575,1
9333,1
9333,2
1476,1
1476,2
8084,1
8084,2
490395,1
9442,1
24732,1
2193,1
1182778829,1
493091,1
493091,2
493091,3
503742,5
497031,1
513057,1
24801,1
24801,2
24801,3
1131770924,1
509355,1
65637,1
65637,2
65637,3
65637,5
1828434451,1
1828434451,2
1828434451,3
508131,1
514217,1
514217,2
31987,5
460018,1
4776,1
4776,2
512102,1
780040564,1
780040564,2
11869,1
11869,2
11869,3
508375,1
508375,2
510268,1
509959,1
510630,1
519075,1
659192029,2
659192029,5
516496,1
512991,1
512991,2
512991,3
511735,1
42039083,1
42039083,2
42039083,3
42039083,5
514158,1
43353668,1
516702,1
516702,2
516702,3
2037799395,1
518222,1
294781503,1
1402483528,1
1402483528,2
1402483528,3
957103328,1
2120585932,1
1634922922,1
2025163961,1
2025163961,2
591338306,1
15828774,1
1724638557,1
1926459265,1
2132752782,1
2132752782,2
1934518876,1
876035584,1
621804855,1
621804855,4
823669238,1
1256008073,1
1666052381,2
1735795029,1
2015656893,1
2015656893,2
2015656893,3
85288604,1
978058451,1
1341661422,1
2092908941,2
2092908941,3
1917346363,1
1917346363,2
1749671014,1
1229474600,2
1229474600,3
2084006815,1
2084006815,2
1020865173,1
1020865173,2
1020865173,3
679999326,1
1077552121,1
1077552121,2
1077552121,3
2091416583,5
1375001379,1
1375001379,2
1375001379,3
1888048207,1
434127113,1
434127113,2
434127113,3
1914258119,1
131874387,1
131874387,2
1504693807,1
1957960985,1
1957960985,2
1957960985,3
25141,1
25141,2
1427548717,1
1427548717,2
787741210,1
