category_id,igdb_id,genre_id
4365,26,11
4365,26,15
4365,26,16
4365,26,24
4609,787,5
4609,787,32
12565,3194,12
12565,3194,31
19325,3214,25
14573,3717,8
369087,4591,8
369087,4591,31
66216,5049,12
66216,5049,15
66216,5049,16
66216,5049,31
6277,5080,31
138581,5641,9
138581,5641,12
59,6530,8
8839,7170,8
8839,7170,9
8839,7170,31
17601,7623,2
17601,7623,31
15477,8877,15
15477,8877,16
15477,8877,24
313074,9095,11
313074,9095,15
5862,10496,12
5862,10496,31
14964,12449,2
14964,12449,31
5286,19666,5
5286,19666,8
24508,25840,2
24508,25840,31
1236008925,26653,13
1236008925,26653,31
1236008925,26653,32
1236008925,26653,34
495610,26970,9
495610,26970,12
495610,26970,31
495610,26970,32
497791,41061,12
497791,41061,31
25250,48182,14
492531,58580,13
492531,58580,32
23602,80757,14
515940,126835,2
515940,126835,9
515940,126835,12
515940,126835,13
515940,126835,15
515940,126835,31
515940,126835,32
515940,126835,34
516716,128909,2
516716,128909,9
516716,128909,31
1066835407,145370,12
1066835407,145370,32
1965336620,165106,9
1965336620,165106,13
1965336620,165106,31
1965336620,165106,32
1590743437,185962,11
1590743437,185962,13
1590743437,185962,15
1590743437,185962,24
2112636325,193540,8
2112636325,193540,9
2112636325,193540,32
546166050,220086,4
546166050,220086,33
629789013,226223,13
416454705,252483,12
416454705,252483,13
416454705,252483,15
416454705,252483,32
1012057649,260636,32
470560304,279266,31
2126767263,282355,13
2126767263,282355,31
2126767263,282355,32
156034788,288623,15
156034788,288623,32
156034788,288623,33
1404354587,289431,2
1404354587,289431,12
1404354587,289431,13
1404354587,289431,15
1404354587,289431,32
474072539,306385,9
474072539,306385,31
474072539,306385,32
2082265591,323190,31
2082265591,323190,32
1528078809,329689,32
2127608193,333802,13
2127608193,333802,31
2127608193,333802,32
848113125,336821,32
848113125,336821,34
446897770,342533,31
1565417548,348085,2
1565417548,348085,32
1176976244,349072,31
1176976244,349072,32
1313707874,349104,13
1313707874,349104,32
1573694565,350538,8
1961683240,373941,13
1961683240,373941,15
1961683240,373941,32
357274106,374316,31
357274106,374316,32
1789076109,374650,15
1789076109,374650,32
1789076109,374650,35
1688787279,380800,9
1688787279,380800,32
1418380360,381091,31
1418380360,381091,32
3663,163,5
3997,193,2
3997,193,31
3916,1173,12
3916,1173,31
13049,1207,12
12446,1751,12
8660,2185,5
8660,2185,14
305086976,3232,2
305086976,3232,9
305086976,3232,31
7184,3311,14
7184,3311,31
11548,3385,12
11548,3385,13
12403,3840,10
17016,7058,9
17016,7058,31
31857,7229,4
31857,7229,14
1458763995,8697,2
1458763995,8697,9
1458763995,8697,31
1458763995,8697,32
459541,9632,12
459541,9632,13
459541,9632,15
459541,9632,31
459541,9632,32
17010,18293,12
17010,18293,31
33318,19943,4
33318,19943,33
24767,22984,4
496982,29405,13
496982,29405,32
498170,31898,8
498170,31898,32
498170,31898,33
736,35548,31
497331,36749,9
497331,36749,15
497331,36749,31
497331,36749,32
497666,41812,9
497666,41812,12
497666,41812,31
497666,41812,32
127506696,44702,8
127506696,44702,31
8194,44952,5
10233,49155,9
10233,49155,15
10233,49155,31
10158,73668,5
10158,73668,13
500622,76847,12
500622,76847,15
500622,76847,32
29251,79771,12
1267688912,102716,5
1267688912,102716,8
1267688912,102716,32
508289,102805,13
508289,102805,14
509254,107187,8
509254,107187,9
509254,107187,31
509254,107187,32
421159485,113861,9
421159485,113861,31
421159485,113861,32
513525,121016,2
513525,121016,9
513525,121016,31
513525,121016,32
514071,121731,13
514071,121731,15
514071,121731,16
518008,134589,7
518008,134589,31
518008,134589,32
1371600471,145345,12
1371600471,145345,32
1239774436,151868,13
1239774436,151868,32
1119105740,152261,8
1119105740,152261,9
1119105740,152261,31
1119105740,152261,32
1803879866,155709,9
1803879866,155709,13
783609948,157027,31
783609948,157027,32
1489624791,169485,32
1874385872,170888,9
1874385872,170888,12
1874385872,170888,31
1874385872,170888,32
2025163961,184783,12
2025163961,184783,13
2025163961,184783,15
276520433,191695,9
276520433,191695,26
1427409203,200712,8
1427409203,200712,15
1427409203,200712,31
1427409203,200712,32
861867398,201359,32
2098223661,203925,31
2098223661,203925,32
52675217,212759,35
545411031,215737,31
545411031,215737,32
1047410718,216178,13
1047410718,216178,14
1500238812,219196,15
1500238812,219196,32
692234729,221135,9
692234729,221135,31
692234729,221135,32
2025853955,221717,12
2010480867,235446,31
2010480867,235446,32
1156778281,236685,12
1156778281,236685,31
1425110720,238788,9
1425110720,238788,31
1425110720,238788,32
1368437067,242102,2
1368437067,242102,12
1368437067,242102,13
1368437067,242102,31
1368437067,242102,32
1349065360,245751,12
1349065360,245751,13
1189971592,248023,8
1189971592,248023,12
582568984,252277,31
582568984,252277,32
582568984,252277,34
1957986522,253100,7
1957986522,253100,12
1957986522,253100,31
1957986522,253100,32
374108301,253876,12
374108301,253876,31
374108301,253876,32
1364005419,261813,8
1364005419,261813,31
1364005419,261813,32
235446742,265960,31
235446742,265960,32
1985775240,278600,32
1985775240,278600,33
1117114475,288148,13
1117114475,288148,31
1117114475,288148,32
27846093,291531,8
27846093,291531,9
27846093,291531,12
1756112694,301799,15
1756112694,301799,32
1625858620,303936,31
1625858620,303936,32
930279440,305641,32
1612817253,311742,5
1612817253,311742,13
1612817253,311742,14
1612817253,311742,15
1254873498,325346,2
1254873498,325346,9
1254873498,325346,32
1067194382,326380,13
1067194382,326380,15
1067194382,326380,32
1944388663,327505,12
1944388663,327505,13
1944388663,327505,32
1281704988,333047,12
1281704988,333047,32
634465228,333306,31
634465228,333306,32
595851341,335375,12
1039864425,336303,35
2070503153,336330,8
2070503153,336330,10
2070503153,336330,14
2070503153,336330,31
2070503153,336330,33
897917685,336448,11
897917685,336448,13
897917685,336448,15
897917685,336448,32
1056407038,337996,12
1056407038,337996,15
1056407038,337996,16
1056407038,337996,31
1056407038,337996,32
1822598605,339514,13
1822598605,339514,32
15062921,340094,12
15062921,340094,31
1301482538,344057,32
1196766363,344652,2
1196766363,344652,9
1196766363,344652,31
1196766363,344652,32
346429798,346348,13
346429798,346348,31
346429798,346348,32
473851400,346526,31
473851400,346526,32
886977070,346854,31
886977070,346854,32
1228507962,348348,31
1228507962,348348,32
1060471716,348768,31
1060471716,348768,32
509540211,348926,12
509540211,348926,15
509540211,348926,31
100100816,356451,31
100100816,356451,32
586852462,368175,9
586852462,368175,32
1637383405,370701,5
1637383405,370701,31
1983171107,372776,5
1983171107,372776,33
2056783603,375213,15
2056783603,375213,31
2056783603,375213,32
331687175,375799,26
5826,17,12
5826,17,15
5826,17,16
5826,17,24
1742,276,11
1742,276,13
1742,276,15
5539,844,2
5539,844,5
5539,844,9
5539,844,31
6486,916,2
6486,916,31
10948,939,12
10948,939,31
11203,1624,11
11203,1624,13
11203,1624,15
28901,1648,5
110751,3106,13
110751,3106,15
110751,3106,33
110751,3106,35
16890,3343,10
16890,3343,14
370,4443,8
9138,5840,5
9138,5840,11
9138,5840,13
9138,5840,15
140038,7279,12
140038,7279,31
10461,7741,12
106657,9136,2
106657,9136,9
106657,9136,31
106657,9136,32
9292,9580,12
32303,9587,5
16400,10949,8
16400,10949,12
16400,10949,31
459950,11795,13
459950,11795,31
459950,11795,32
2153,16439,26
2153,16439,35
17564,16726,2
17564,16726,9
17564,16726,31
476300,18138,4
476300,18138,33
3793,19771,4
3793,19771,14
460623,19901,7
12759,20192,5
12759,20192,8
493317,20927,13
493317,20927,15
493317,20927,32
495070,26776,2
495070,26776,9
495070,26776,12
495070,26776,31
495070,26776,32
498987,30038,31
498987,30038,32
2111662892,30899,12
2111662892,30899,31
2111662892,30899,32
498323,32560,15
498323,32560,31
638347790,35589,5
638347790,35589,31
638347790,35589,32
278493372,47967,5
499424,51485,8
499424,51485,31
499424,51485,32
499424,51485,33
499507,68576,9
499507,68576,13
499507,68576,15
499507,68576,32
16824,70449,33
510234,106821,5
510234,106821,7
510234,106821,31
510234,106821,32
505515,108154,2
505515,108154,13
512526,116795,14
1624542129,117744,13
1624542129,117744,14
1624542129,117744,15
1624542129,117744,32
1624542129,117744,35
2135719898,117776,12
512924,119061,12
512924,119061,31
512929,119244,12
512929,119244,25
512929,119244,31
514978,123864,13
514978,123864,15
514978,123864,31
514978,123864,32
1435964601,125073,15
1435964601,125073,31
1435964601,125073,32
515744,130530,9
515744,130530,31
515744,130530,32
516688,131845,9
516688,131845,15
516688,131845,31
516688,131845,32
518980,133208,12
518980,133208,13
518980,133208,31
518980,133208,32
1531079909,133375,5
1531079909,133375,31
1531079909,133375,32
1665988616,136977,4
1665988616,136977,25
1665988616,136977,32
1665988616,136977,33
1298863823,140522,5
1298863823,140522,32
1754766607,144554,2
1754766607,144554,31
1754766607,144554,32
381236110,145063,13
381236110,145063,31
381236110,145063,32
1100117120,148161,24
1100117120,148161,32
1100117120,148161,33
736324190,148352,2
736324190,148352,9
736324190,148352,31
736324190,148352,32
1752835922,148900,13
1752835922,148900,15
1752835922,148900,32
2078753054,173884,31
1042770184,177056,31
1042770184,177056,32
1066905355,191080,32
1179447665,191403,4
1179447665,191403,5
1179447665,191403,12
318176652,195577,2
318176652,195577,5
318176652,195577,8
318176652,195577,31
318176652,195577,32
1009136920,200923,9
1009136920,200923,31
1597987113,205064,9
1597987113,205064,13
1597987113,205064,15
1597987113,205064,32
1597987113,205064,33
1407310739,214139,31
2037719332,215682,5
2037719332,215682,9
2037719332,215682,31
2037719332,215682,32
1557187997,221102,12
1557187997,221102,15
1557187997,221102,32
1710708422,233576,4
1710708422,233576,12
1710708422,233576,31
1710708422,233576,32
917944087,238675,13
917944087,238675,31
499957188,249201,12
499957188,249201,32
1856106566,254354,14
1856106566,254354,33
654593875,262613,12
654593875,262613,31
203432666,270068,32
365594614,273394,12
365594614,273394,31
365594614,273394,32
149833097,276507,9
149833097,276507,12
149833097,276507,31
149833097,276507,32
743568219,280573,12
743568219,280573,16
743568219,280573,31
916276278,291516,9
916276278,291516,32
1922038493,304530,31
1922038493,304530,32
1422345681,305004,5
1422345681,305004,31
313412757,310590,7
1004556325,313084,35
2080952952,318275,9
2080952952,318275,31
2080952952,318275,32
1250282094,320726,13
1250282094,320726,15
1250282094,320726,31
1250282094,320726,32
565941108,320773,9
565941108,320773,32
2108477062,322842,5
2108477062,322842,32
1501675113,324621,31
1501675113,324621,32
81660490,325971,31
81660490,325971,32
1000656761,345143,15
50442716,345841,31
1923144012,351155,13
1923144012,351155,32
1293503562,353756,12
1293503562,353756,31
1293503562,353756,32
1846136589,357117,13
1846136589,357117,32
286274851,359784,9
286274851,359784,31
1549363523,366724,31
1549363523,366724,32
1356750051,370528,25
1356750051,370528,32
1356750051,370528,33
1446481345,372619,8
1446481345,372619,31
1446481345,372619,32
2086322636,374349,13
2086322636,374349,14
2086322636,374349,32
1274151047,376137,9
1274151047,376137,32
1008195139,378633,8
1008195139,378633,9
1008195139,378633,32
1732715264,381084,9
1732715264,381084,15
1732715264,381084,32
933915572,382804,9
933915572,382804,13
15067,1015,25
15067,1015,31
1595783367,1124,8
1595783367,1124,31
19928,1196,9
19928,1196,26
1222,1201,12
1222,1201,31
10849,1349,4
10849,1349,12
10849,1349,25
17785,1589,8
11895,1600,10
11895,1600,13
8711,1777,5
8711,1777,8
8711,1777,25
33692,1882,9
33692,1882,31
33692,1882,32
23146,2277,8
23146,2277,9
23146,2277,31
17470,2332,10
17470,2332,33
13834,3453,8
4501,3580,12
4501,3580,31
12837,3927,25
6937,5091,13
6192,6202,8
6192,6202,12
6192,6202,31
4630,7129,12
4630,7129,25
6732,8600,5
6732,8600,9
6732,8600,31
488189,9243,12
488189,9243,13
488189,9243,31
488189,9243,32
369426,11456,31
369426,11456,34
10599,11836,2
10599,11836,31
490701,12527,12
490701,12527,25
490701,12527,31
21956,16912,8
21956,16912,31
21956,16912,32
21956,16912,33
496052,18841,2
496052,18841,9
496052,18841,31
496052,18841,32
14384,19428,5
14384,19428,31
28558,23527,12
28558,23527,24
495064,26761,5
495064,26761,8
369530,27011,5
369530,27011,31
369530,27011,32
509355,28526,12
509355,28526,15
509355,28526,16
509355,28526,31
509355,28526,32
492252,34351,13
492252,34351,15
494694,35476,13
494694,35476,32
488437,36198,12
488437,36198,31
488437,36198,32
369,42649,12
492485,58592,31
492485,58592,32
108935,63999,8
108935,63999,31
29733,66308,5
26190,67352,4
500799,75074,9
500799,75074,13
500799,75074,15
500799,75074,31
500799,75074,32
20854,85841,12
20854,85841,31
504059,89354,8
504059,89354,9
504059,89354,31
504059,89354,32
508764,100418,12
508764,100418,32
75087135,109282,12
75087135,109282,31
1648388952,118313,8
1648388952,118313,31
513424,118645,31
513424,118645,32
513424,118645,34
509561,122345,12
509561,122345,13
509561,122345,31
509561,122345,32
513356,122975,32
512516,123129,34
513992,124286,12
513992,124286,16
513992,124286,32
515072,125373,10
515072,125373,12
515072,125373,13
515072,125373,31
515072,125373,32
515454,130618,13
515454,130618,31
515454,130618,32
377412695,131981,12
377412695,131981,31
517749,132893,32
1208438905,135356,9
1208438905,135356,13
1138083028,146917,12
1138083028,146917,25
1138083028,146917,31
1138083028,146917,32
531829652,150022,12
531829652,150022,31
1663922864,158994,12
1663922864,158994,13
1663922864,158994,31
1663922864,158994,32
969726726,162520,12
969726726,162520,16
226838728,164152,2
226838728,164152,9
226838728,164152,31
226838728,164152,32
1858934665,167803,13
1858934665,167803,15
1858934665,167803,32
1984573298,172672,7
1984573298,172672,8
1984573298,172672,9
1984573298,172672,31
1984573298,172672,32
1984573298,172672,33
1368018634,184782,12
1368018634,184782,13
1368018634,184782,15
1517308681,185673,8
1517308681,185673,33
1410728217,189934,13
1410728217,189934,31
1410728217,189934,32
124141990,191814,8
124141990,191814,32
1265677723,204847,31
586504703,209496,9
586504703,209496,13
586504703,209496,31
586504703,209496,32
1311006114,213858,13
1311006114,213858,32
31355766,216692,31
31355766,216692,32
456288857,235621,12
456288857,235621,31
456288857,235621,32
1808925171,235718,31
1808925171,235718,32
281802051,237038,15
281802051,237038,16
281802051,237038,32
699761856,244472,31
699761856,244472,32
1478972790,252352,12
1478972790,252352,15
1478972790,252352,24
1478972790,252352,31
1478972790,252352,32
155185231,252362,8
155185231,252362,12
155185231,252362,31
155185231,252362,32
455708656,265280,31
455708656,265280,32
1114147170,266197,31
726509977,266274,12
726509977,266274,15
1589959305,278060,31
1589959305,278060,34
1158015379,286340,2
1158015379,286340,9
1158015379,286340,15
1158015379,286340,31
1158015379,286340,32
1962343696,287847,9
1962343696,287847,12
1962343696,287847,31
1962343696,287847,32
2102824221,295636,13
2102824221,295636,31
1827019334,305108,8
1827019334,305108,31
1827019334,305108,33
1574937850,319672,13
1574937850,319672,15
1574937850,319672,31
1574937850,319672,32
1520251591,323492,31
1520251591,323492,32
1965668844,334135,12
1965668844,334135,13
1965668844,334135,15
1965668844,334135,32
1960933622,334639,13
1960933622,334639,32
1188466663,339533,13
1845379348,344140,12
1845379348,344140,15
1845379348,344140,32
497146324,346834,31
1912984725,349038,13
1912984725,349038,32
866316626,350049,5
866316626,350049,8
866316626,350049,31
1679923773,358388,13
1679923773,358388,32
403925635,360419,12
403925635,360419,35
863297267,381085,5
16348,349,5
6155,828,5
6155,828,9
636,1532,10
5624,1583,8
5624,1583,31
8095,1791,5
8095,1791,8
8095,1791,31
21813,1962,31
21813,1962,32
2502,4100,8
2502,4100,31
6033,4523,8
6033,4523,31
24992,4728,13
24992,4728,31
30716,6164,2
30716,6164,9
30716,6164,31
431,7469,5
431,7469,24
459824,7897,8
459824,7897,9
459824,7897,15
459824,7897,31
459824,7897,32
488842,9047,9
488842,9047,13
488842,9047,15
488842,9047,32
413449,10278,8
413449,10278,32
10983,10904,12
490314,11064,5
490314,11064,9
490314,11064,12
490314,11064,31
2425,11313,12
489547,11421,13
489547,11421,15
489547,11421,32
489547,11421,33
489547,11421,34
490633,12077,2
490633,12077,9
490633,12077,12
490633,12077,31
490633,12077,34
8798,12211,12
8798,12211,16
8798,12211,24
8798,12211,35
491185,15444,11
491185,15444,15
489169,18376,4
489169,18376,12
489169,18376,31
1272746043,18967,12
1272746043,18967,15
1272746043,18967,16
1272746043,18967,24
490444,18997,2
490444,18997,9
490444,18997,31
490444,18997,32
19534,19096,12
19534,19096,31
418004,19150,8
418004,19150,12
418004,19150,31
418004,19150,32
494369,19851,12
494369,19851,31
369305,19940,8
369305,19940,31
369348,23536,12
369348,23536,15
369348,23536,31
497148,28414,9
497148,28414,12
497148,28414,15
497148,28414,24
497148,28414,31
517967,28933,9
517967,28933,31
517967,28933,32
517967,28933,34
493754,29097,15
493754,29097,16
493754,29097,35
496379,29560,31
496379,29560,32
497486,35371,13
497486,35371,15
497486,35371,31
497486,35371,32
1054404880,36796,12
1054404880,36796,31
7453,45501,8
497682,52190,5
497682,52190,25
497682,52190,31
510204,61616,13
510204,61616,15
510204,61616,31
510204,61616,32
8906,73837,2
8906,73837,9
8906,73837,31
273361396,76940,15
509083,79999,2
509083,79999,9
509083,79999,31
509083,79999,32
499550,80399,16
499550,80399,35
19445,81548,10
511424,104890,8
511424,104890,12
511424,104890,31
511424,104890,32
605155026,106980,12
605155026,106980,25
605155026,106980,31
605155026,106980,32
1770135043,121276,7
514125,121438,9
514125,121438,15
514125,121438,31
514125,121438,32
514125,121438,35
514976,121700,12
514976,121700,13
514976,121700,15
514976,121700,32
514272,122123,11
514272,122123,13
514272,122123,15
514374,124367,13
514374,124367,31
516957,132051,12
516957,132051,31
516957,132051,32
2087546181,142258,12
2087546181,142258,13
2087546181,142258,15
2087546181,142258,31
2087546181,142258,34
1001035119,145786,9
1001035119,145786,31
1001035119,145786,32
692406949,147184,5
692406949,147184,25
692406949,147184,32
299394605,152271,12
299394605,152271,31
299394605,152271,32
1867260076,157710,31
1867260076,157710,32
1795458626,159286,5
1795458626,159286,8
1574194407,174803,2
1574194407,174803,9
1574194407,174803,31
1574194407,174803,32
449298882,177247,4
186845989,178723,34
715626220,180445,9
1298711288,182180,12
1298711288,182180,31
1298711288,182180,32
1517558459,198439,8
1517558459,198439,9
1517558459,198439,31
1517558459,198439,32
443409039,199405,31
443409039,199405,32
1866706080,199576,31
1866706080,199576,32
1492845498,212426,12
1492845498,212426,13
1492845498,212426,34
548031855,212845,8
548031855,212845,33
284952176,214150,13
284952176,214150,15
284952176,214150,32
588472812,215777,5
588472812,215777,24
1975620892,221824,31
1438744626,225426,9
1438744626,225426,31
1438744626,225426,32
1524865890,225498,12
440494608,239097,31
440494608,239097,32
742862337,240496,32
1046086913,245289,12
1046086913,245289,14
1046086913,245289,15
1046086913,245289,16
1046086913,245289,24
1046086913,245289,32
1046086913,245289,33
238361926,252768,25
238361926,252768,31
238361926,252768,32
874542488,258799,12
874542488,258799,13
874542488,258799,32
1204054715,264341,9
1204054715,264341,13
1204054715,264341,15
1204054715,264341,16
1204054715,264341,32
500553462,272252,31
500553462,272252,32
231605962,279612,9
231605962,279612,31
826404209,285220,31
826404209,285220,32
833503597,287858,12
833503597,287858,31
41197409,291281,9
41197409,291281,31
41197409,291281,32
1795969691,312459,13
1795969691,312459,32
783559288,317086,5
783559288,317086,12
2095530365,317764,5
2095530365,317764,15
2095530365,317764,24
2095530365,317764,32
1022496868,320721,13
1022496868,320721,15
1022496868,320721,33
171712949,328408,13
171712949,328408,32
1154635015,330563,13
1154635015,330563,32
605737212,332032,13
605737212,332032,15
1102246784,337594,31
1102246784,337594,32
1519446996,342853,2
1519446996,342853,13
1519446996,342853,15
1519446996,342853,32
1291248517,344468,9
1291248517,344468,31
999919859,346175,12
999919859,346175,13
999919859,346175,31
769339126,355618,5
769339126,355618,32
769339126,355618,33
1973511447,371609,13
1973511447,371609,14
1973511447,371609,15
1973511447,371609,32
13529,186,2
13529,186,9
13529,186,31
4012,647,11
4012,647,15
19713,3878,12
19713,3878,31
3454,4319,2
3454,4319,5
3454,4319,9
3454,4319,15
3454,4319,26
3454,4319,31
32513,5025,2
32513,5025,9
32513,5025,12
32513,5025,31
32513,5025,32
18735,6959,5
369641,8006,9
369641,8006,25
369641,8006,31
12643,8722,5
12643,8722,32
98839,9284,8
98839,9284,31
98839,9284,32
19606,10591,5
9796,10605,4
9796,10605,33
10251,16035,8
26569,16253,5
498294,17981,5
498294,17981,32
9546,19160,12
9546,19160,31
491513,20392,12
491513,20392,31
491513,20392,32
492462,20454,8
492462,20454,9
492462,20454,31
492462,20454,32
490954,27870,31
490954,27870,32
490954,27870,34
496423,27874,2
496423,27874,31
496423,27874,32
413733,36141,5
413733,36141,10
413733,36141,13
413733,36141,14
413733,36141,32
27414,38545,4
27414,38545,25
20389,43872,12
20389,43872,15
1822,48994,12
1816229457,51467,9
1816229457,51467,31
1816229457,51467,32
370391,62923,11
370391,62923,13
370391,62923,15
11216,69703,13
33359,77283,16
1650957493,80944,2
1650957493,80944,31
503466,81095,31
503466,81095,32
499677,84197,31
499677,84197,32
503960,86813,13
503198,98469,8
503198,98469,12
503198,98469,16
503198,98469,31
503198,98469,32
506361,104568,9
506361,104568,31
506361,104568,32
1426287911,107292,12
1426287911,107292,31
510591,112129,13
510591,112129,32
514111,120278,7
514111,120278,33
1792145303,120529,31
1792145303,120529,32
582597410,121445,4
582597410,121445,12
582597410,121445,31
582597410,121445,32
514844,124683,5
514844,124683,31
514867,125474,13
514867,125474,31
514867,125474,32
514867,125474,34
1501041747,129791,12
1501041747,129791,13
1501041747,129791,31
1501041747,129791,32
516728,131946,13
516728,131946,14
516728,131946,32
516728,131946,33
1762466253,142567,9
1762466253,142567,31
1892905908,143276,2
1892905908,143276,9
1892905908,143276,13
1892905908,143276,31
1892905908,143276,32
1909037620,148700,12
1909037620,148700,25
1909037620,148700,31
1909037620,148700,32
718972278,152188,12
718972278,152188,13
718972278,152188,31
718972278,152188,32
1124963739,152611,9
1124963739,152611,12
1124963739,152611,31
1124963739,152611,32
1124963739,152611,34
1146964248,152754,13
1146964248,152754,31
1602652834,188055,13
399486196,192999,32
1654421360,198853,9
1654421360,198853,32
1242336772,200899,15
1242336772,200899,24
1242336772,200899,31
1242336772,200899,32
1242336772,200899,35
1788771872,202117,8
1788771872,202117,31
905309020,217129,9
905309020,217129,31
905309020,217129,32
906398452,217269,13
906398452,217269,15
906398452,217269,32
1222084749,219132,34
2010173910,222693,31
590277943,224749,32
590277943,224749,34
1812147445,226574,12
1812147445,226574,31
1803038332,228855,12
1803038332,228855,13
1803038332,228855,31
1405525287,236859,12
1405525287,236859,13
1405525287,236859,31
1405525287,236859,32
1406917793,239912,5
1406917793,239912,13
2028064108,248200,2
2028064108,248200,9
2028064108,248200,31
2028064108,248200,32
285097139,248906,13
285097139,248906,32
449513366,249029,31
449513366,249029,32
784262400,255022,31
784262400,255022,32
1640299733,259776,15
1640299733,259776,32
1127413268,266676,9
1127413268,266676,31
1127413268,266676,32
1803407703,271129,31
1803407703,271129,32
2110944494,276584,13
2110944494,276584,14
2110944494,276584,32
535381771,282183,12
535381771,282183,13
535381771,282183,32
421523334,293516,12
421523334,293516,15
421523334,293516,31
421523334,293516,32
2065112042,309545,9
2065112042,309545,31
2065112042,309545,32
378560650,312457,13
378560650,312457,15
378560650,312457,32
259795385,316509,12
259795385,316509,32
259795385,316509,35
578078875,318956,13
578078875,318956,31
578078875,318956,32
1113209113,320904,32
1113209113,320904,34
1666131207,325456,13
1501883674,327022,31
1501883674,327022,32
20540396,327141,31
20540396,327141,32
1604702426,328158,13
1604702426,328158,31
1604702426,328158,32
1710194296,331184,32
482455410,338093,10
482455410,338093,33
164328073,339795,13
164328073,339795,15
920198278,339881,5
920198278,339881,25
920198278,339881,32
920198278,339881,33
1571673506,344284,13
1571673506,344284,15
1571673506,344284,32
606865974,348216,4
464061456,349234,4
464061456,349234,13
464061456,349234,31
464061456,349234,32
1929330440,353349,35
1482651588,356148,31
1482651588,356148,32
1262640068,370247,2
1262640068,370247,9
1262640068,370247,32
2002186868,371130,32
9322,1249,4
11218,1580,8
15104,1719,8
15104,1719,31
15104,1719,33
32904,1886,5
32904,1886,31
27058,2629,7
2840,3721,8
2840,3721,31
14100,3794,31
1119,3796,12
1119,3796,31
1119,3796,35
10903,4140,4
10903,4140,33
16119,4180,5
16119,4180,8
16119,4180,31
15583,5525,11
15583,5525,12
15583,5525,15
414017,5564,13
414017,5564,32
313317,7420,12
313317,7420,24
313317,7420,31
313317,7420,33
11544,7496,4
11544,7496,8
11544,7496,12
11544,7496,31
108936,7641,8
108936,7641,9
108936,7641,31
108936,7641,32
19585,8583,12
19585,8583,31
29849,9963,5
29849,9963,31
29849,9963,33
459703,10373,5
459703,10373,7
459703,10373,8
459703,10373,31
459703,10373,32
29919,11831,5
29919,11831,10
29919,11831,12
21042,12298,25
493399,19935,12
493399,19935,25
493399,19935,31
493399,19935,32
493399,19935,33
493846,23236,13
493846,23236,15
493846,23236,32
494926,23330,12
17517,23742,11
17517,23742,12
17517,23742,31
494557,26194,8
494557,26194,31
495056,26772,13
495056,26772,14
506382,28244,13
506382,28244,15
506382,28244,16
496349,28706,14
496536,31328,2
496536,31328,9
496536,31328,31
67872,38877,13
67872,38877,15
501438,56658,15
501438,56658,31
501438,56658,32
498369,69500,5
498369,69500,15
499714,74537,9
499714,74537,31
499714,74537,32
499809,75130,9
499809,75130,31
498322,79255,12
24889,80578,15
24889,80578,16
513918,86504,9
513918,86504,13
513918,86504,31
513918,86504,32
127738571,89367,13
2110431078,90551,13
506383,103218,13
506383,103218,14
512964,119163,31
512964,119163,32
515431,121002,13
515431,121002,32
513802,121235,8
513802,121235,12
513802,121235,15
513802,121235,25
513802,121235,31
513802,121235,32
513959,121759,13
513959,121759,31
513959,121759,32
1731014122,129246,32
1465852136,133305,5
1465852136,133305,31
1465852136,133305,32
1465852136,133305,33
516695,133817,13
516695,133817,31
516695,133817,34
517795,137805,13
517795,137805,15
517795,137805,32
1170103781,141703,12
678223806,144084,8
678223806,144084,31
1390353533,152259,8
1390353533,152259,9
1390353533,152259,31
1390353533,152259,32
1918557591,152302,8
1804128853,158078,2
1804128853,158078,9
1804128853,158078,13
1804128853,158078,32
1804128853,158078,33
1149166444,163132,5
1149166444,163132,32
1335912967,165309,8
1335912967,165309,31
1433396896,174559,5
1433396896,174559,13
55576880,182196,9
55576880,182196,32
833014499,185032,12
833014499,185032,16
833014499,185032,31
169884186,185776,12
169884186,185776,31
169884186,185776,32
2133314567,190877,8
2133314567,190877,31
2133314567,190877,32
1850434022,197192,13
1850434022,197192,31
1850434022,197192,32
2015067707,206489,9
554032945,211037,13
554032945,211037,15
554032945,211037,32
1807620495,212164,31
1807620495,212164,32
1728911128,214087,13
1940845651,214089,10
861448607,252789,12
861448607,252789,31
540020756,263886,9
540020756,263886,13
540020756,263886,15
540020756,263886,32
1914211672,264522,12
1914211672,264522,32
1708734152,267072,12
1708734152,267072,32
2005259454,276545,4
2005259454,276545,12
1596773279,276933,12
1596773279,276933,32
2021434980,289170,8
2021434980,289170,33
419828437,297811,13
419828437,297811,31
419828437,297811,32
1534030313,299804,13
1534030313,299804,31
1534030313,299804,33
726580060,307329,13
726580060,307329,15
726580060,307329,31
726580060,307329,32
726580060,307329,34
1604356037,319272,31
1604356037,319272,32
650951226,327439,12
650951226,327439,13
650951226,327439,15
43072013,329235,12
684805970,329785,4
684805970,329785,12
684805970,329785,25
1993696264,332575,13
1998108974,338012,8
695322219,342593,12
1319430334,344112,15
1319430334,344112,32
1016595934,351690,12
1016595934,351690,13
1016595934,351690,31
1016595934,351690,32
956456373,365772,8
388280565,367737,31
388280565,367737,32
437480812,373996,13
437480812,373996,15
437480812,373996,32
79700899,378125,12
4878,288,5
4878,288,13
4878,288,15
4878,288,24
5250,297,5
19162,433,5
23904,527,5
23904,527,9
23904,527,32
5368,804,10
5368,804,13
5368,804,14
12275,808,14
13361,1465,5
20250,2061,12
20250,2061,25
20250,2061,31
9147,2157,11
9147,2157,13
9147,2157,15
9147,2157,31
13761,2542,4
13761,2542,15
13761,2542,25
14476,2751,5
14476,2751,33
8419,2863,12
16372,3077,5
16372,3077,13
16372,3077,15
16372,3077,24
488390,3301,7
1997,4368,5
732209089,5366,8
732209089,5366,25
732209089,5366,31
8330,5845,25
8330,5845,31
10446,7644,5
11983,7881,13
11983,7881,14
965,8240,5
965,8240,13
965,8240,15
965,8240,24
30891,8938,14
30891,8938,33
28056,9201,5
28056,9201,15
28056,9201,32
28056,9201,33
459797,9888,8
459797,9888,14
459797,9888,32
336,10392,9
336,10392,15
336,10392,33
489766,10910,9
489766,10910,31
458696,11056,7
313464,11445,4
313464,11445,34
493951,12511,12
493951,12511,15
493951,12511,16
493951,12511,32
458128,12528,8
458128,12528,31
489394,14174,12
489394,14174,13
489394,14174,31
489394,14174,32
20355,21092,12
73272,22179,10
73272,22179,13
499443,25224,13
499443,25224,15
499443,25224,31
499443,25224,32
2057298984,26232,7
494899,26651,13
494899,26651,15
494899,26651,32
495063,26769,12
495063,26769,13
495063,26769,15
495063,26769,24
495063,26769,25
493943,27867,2
493943,27867,9
493943,27867,12
493943,27867,31
493943,27867,32
11848,27890,4
11848,27890,33
260755971,33869,10
260755971,33869,13
260755971,33869,14
260755971,33869,32
260755971,33869,33
497769,39758,5
497769,39758,8
497769,39758,15
497769,39758,31
497769,39758,32
8294,42433,12
1715077872,47673,12
1715077872,47673,14
1715077872,47673,31
10575,69656,12
10575,69656,25
500025,74639,13
500025,74639,15
500409,77776,5
500409,77776,15
500409,77776,31
493088,80238,12
493088,80238,13
493088,80238,31
1554052134,88770,13
1554052134,88770,15
1554052134,88770,33
503020,89095,7
503020,89095,33
506439,103303,12
506439,103303,31
2066923106,107871,32
511154,109369,13
511154,109369,32
510146,111654,14
511076,114485,8
511076,114485,12
511076,114485,31
511076,114485,32
512565,118922,8
512565,118922,15
512565,118922,31
512565,118922,32
512999,119386,12
512999,119386,15
512999,119386,24
512999,119386,31
514860,120867,8
514860,120867,9
514860,120867,33
517595,122712,12
517595,122712,16
517595,122712,31
517595,122712,32
577112059,123706,5
577112059,123706,8
577112059,123706,32
577112059,123706,33
516964,125155,12
516964,125155,13
826426515,139604,2
826426515,139604,9
826426515,139604,31
826426515,139604,32
859599451,140408,8
859599451,140408,33
712387245,140605,9
712387245,140605,15
712387245,140605,31
712387245,140605,32
1176563738,141257,5
1176563738,141257,9
1176563738,141257,31
1176563738,141257,32
1229468557,144412,13
1229468557,144412,14
1229468557,144412,31
2054724072,146313,7
1688112273,146417,5
1688112273,146417,13
1688112273,146417,24
1688112273,146417,32
141569525,149881,12
141569525,149881,25
1350362465,181156,9
1350362465,181156,32
156296054,201483,5
156296054,201483,31
156296054,201483,32
156296054,201483,35
2137846358,204508,12
2137846358,204508,13
2137846358,204508,15
2137846358,204508,31
2137846358,204508,32
1436968331,213241,10
1436968331,213241,33
95673429,226295,10
95673429,226295,32
482130375,233027,13
482130375,233027,32
517272664,236347,12
517272664,236347,13
517272664,236347,32
517272664,236347,34
851625069,241635,12
851625069,241635,13
1122900890,246919,12
1122900890,246919,31
1122900890,246919,32
1980529536,251559,4
1980529536,251559,12
1980529536,251559,31
1890068790,251568,31
978058451,253474,8
978058451,253474,31
978058451,253474,32
546330692,268295,13
546330692,268295,15
546330692,268295,32
1935938913,272172,12
1935938913,272172,31
1935938913,272172,32
397965651,307486,4
1779840042,314959,13
1779840042,314959,31
910469363,323197,12
910469363,323197,25
19022772,326066,8
19022772,326066,31
19022772,326066,32
746769395,334546,32
35458465,336380,10
35458465,336380,13
35458465,336380,14
1889588160,340943,31
1889588160,340943,32
682477555,342424,31
710572823,343137,33
1589360164,357494,13
1940561480,371252,7
796500915,375232,5
796500915,375232,31
538565120,375475,13
538565120,375475,32
19008,1191,8
7889,1229,12
7889,1229,16
7889,1229,31
16242,1682,12
5092,1868,5
22678,2192,8
22678,2192,31
18919,2684,5
21569,3234,12
126220,3365,8
126220,3365,9
126220,3365,12
126220,3365,31
10694,3587,4
10694,3587,14
924,3981,12
924,3981,31
519038084,5333,8
519038084,5333,25
519038084,5333,31
11316,5416,5
11316,5416,10
21046,7173,25
1345,8237,5
1345,8237,10
3179,8291,2
3179,8291,9
3179,8291,31
488353,9602,4
488353,9602,8
313487,10489,8
313487,10489,32
313487,10489,33
10831,12143,9
10831,12143,31
500195,14872,31
500195,14872,32
20423,16741,12
492421,18859,8
492421,18859,9
492421,18859,31
492421,18859,32
491849,18974,12
491849,18974,31
491849,18974,32
1864659375,19747,25
19269,22885,5
511591,24947,2
511591,24947,31
494300,25555,8
494300,25555,9
494300,25555,12
494300,25555,31
494300,25555,32
501475,27359,11
501475,27359,12
501475,27359,15
501475,27359,24
501475,27359,31
501475,27359,32
500677,28730,8
500677,28730,9
500677,28730,32
500677,28730,33
496618,29242,5
496618,29242,32
490436,35463,13
490436,35463,15
490436,35463,32
1241258496,35591,11
1241258496,35591,13
1241258496,35591,15
1241258496,35591,16
1241258496,35591,24
5481,42576,8
5481,42576,25
6690,49877,8
496320,56345,13
496320,56345,14
494745,57150,35
25216,67726,12
17514,71585,31
497441,81141,5
497441,81141,13
497441,81141,15
497441,81141,32
508933,86742,12
508933,86742,31
508933,86742,32
504712,90102,13
504712,90102,15
504712,90102,32
30281,91956,35
27240,93560,8
27240,93560,9
27240,93560,33
1763334326,95068,5
1763334326,95068,31
506235,103018,10
506235,103018,33
932035040,106491,12
932035040,106491,31
932035040,106491,32
521772396,112735,14
510583,113118,12
510583,113118,31
510583,113118,32
510577,113175,13
510577,113175,14
510577,113175,32
223302528,118391,12
223302528,118391,15
223302528,118391,32
1344,131259,13
1344,131259,15
900679275,134474,8
900679275,134474,9
900679275,134474,31
900679275,134474,32
25733730,135803,12
519259,136868,10
519259,136868,13
307697603,138982,5
307697603,138982,12
307697603,138982,31
2062936506,140072,13
2062936506,140072,15
2062936506,140072,16
2062936506,140072,35
2006676215,140780,13
2006676215,140780,14
2006676215,140780,32
386022939,141964,8
386022939,141964,31
505090447,154814,5
505090447,154814,31
505090447,154814,32
1379769406,169232,8
1379769406,169232,31
1379769406,169232,32
476002612,177149,31
15828774,196995,5
15828774,196995,31
15828774,196995,32
74730945,197284,9
1584229450,206671,5
1584229450,206671,12
1584229450,206671,15
1584229450,206671,31
1584229450,206671,32
1584229450,206671,33
1243982320,208727,10
1243982320,208727,14
1243982320,208727,33
1514063382,210947,15
1514063382,210947,16
1514063382,210947,24
158745736,211357,13
158745736,211357,32
943590253,214707,12
943590253,214707,31
101617613,216630,13
101617613,216630,32
305365554,217284,32
955337724,221297,31
955337724,221297,32
780713851,223143,14
876035584,224692,12
876035584,224692,32
1009871728,225522,13
515053710,237123,12
515053710,237123,13
515053710,237123,32
1339115442,276221,13
1395286283,282325,5
1395286283,282325,32
1395286283,282325,33
1862556693,305005,15
1862556693,305005,31
1862556693,305005,32
2073731291,306747,12
2073731291,306747,13
2073731291,306747,15
2073731291,306747,33
173805754,311615,13
173805754,311615,31
173805754,311615,32
1113481584,314421,31
1113481584,314421,32
1833786512,314640,4
1833786512,314640,12
1833786512,314640,25
1833786512,314640,31
1833786512,314640,32
1841633434,317028,5
1841633434,317028,33
1055340724,317973,12
1055340724,317973,31
1055340724,317973,32
772802813,319997,31
1207322554,325968,31
1207322554,325968,32
325518340,326884,13
325518340,326884,35
112581180,328356,13
112581180,328356,32
1360694958,330564,10
276711336,336417,9
276711336,336417,13
276711336,336417,15
276711336,336417,31
671828211,346644,12
671828211,346644,13
258035583,377547,5
258035583,377547,10
258035583,377547,12
258035583,377547,31
18717,996,5
18717,996,24
6043,1049,5
16541,1133,8
16541,1133,12
16541,1133,31
10861,1176,12
30922,1405,5
18114,1742,5
18114,1742,8
18114,1742,31
1366,2568,4
1366,2568,11
1366,2568,15
33096,3004,8
33096,3004,31
33096,3004,32
4341,3112,5
29822,3802,12
3266,4568,10
3266,4568,33
417713,4844,9
417713,4844,12
417713,4844,31
24201,5190,8
24201,5190,31
1954016810,5404,8
6910,6461,14
22193,7247,4
22193,7247,12
22193,7247,31
489395,9919,12
489395,9919,31
489758,10906,12
489758,10906,24
489758,10906,31
489609,11072,14
13112,11086,13
13112,11086,15
14632,14411,31
7849,18597,9
7849,18597,15
7849,18597,16
7849,18597,26
7849,18597,35
490486,21344,8
490486,21344,9
490486,21344,31
490486,21344,32
492354,26841,12
492354,26841,13
492354,26841,15
492354,26841,16
497680,27261,4
497680,27261,5
497680,27261,32
492872,32969,8
492872,32969,9
492872,32969,31
492872,32969,32
492872,32969,33
497714,35238,31
497714,35238,32
1515436595,35842,12
1515436595,35842,15
1515436595,35842,31
1515436595,35842,32
496196,36220,13
496196,36220,15
496196,36220,32
514217,39416,4
5876,42439,12
1343,47806,9
1891,48436,12
1891,48436,31
497387,55984,9
497387,55984,31
24694,67882,4
24694,67882,12
24694,67882,32
24694,67882,33
518117,71595,8
518117,71595,12
518117,71595,31
518117,71595,32
2221,72126,7
499963,74500,10
499963,74500,13
499963,74500,14
499963,74500,33
26739,80468,12
26739,80468,25
26739,80468,31
511166,111276,9
511166,111276,31
512728,115269,13
512728,115269,32
513200,120175,4
513200,120175,25
513357,120484,11
513357,120484,15
513357,120484,35
517569,121586,15
517569,121586,32
517569,121586,35
516752,121697,13
516752,121697,15
516752,121697,31
516752,121697,32
519123,121986,12
519123,121986,31
519123,121986,32
515642,122134,12
515642,122134,13
515642,122134,31
515642,122134,32
515477,127348,12
517023,132777,31
517023,132777,32
517023,132777,33
517069,133680,5
517069,133680,32
872110389,135903,4
872110389,135903,32
872077091,136010,13
872077091,136010,32
872077091,136010,34
1564072754,139507,13
1564072754,139507,31
6166096,139939,10
6166096,139939,13
6166096,139939,14
919194340,140690,4
919194340,140690,5
919194340,140690,12
919194340,140690,25
919194340,140690,31
117073867,145216,4
117073867,145216,14
2894846,146139,31
2894846,146139,32
2894846,146139,34
933066457,148346,15
933066457,148346,32
1659295295,152626,12
1659295295,152626,13
1659295295,152626,31
1659295295,152626,32
140599838,155984,10
140599838,155984,13
140599838,155984,14
1950372943,165199,5
1950372943,165199,31
1950372943,165199,32
1074670131,166141,35
1314154485,170018,31
1314154485,170018,32
246362817,172452,12
246362817,172452,25
305576930,189965,13
1892955924,194462,26
1892955924,194462,32
1892955924,194462,35
259714694,194740,8
259714694,194740,31
259714694,194740,32
1558494440,196969,13
1558494440,196969,31
1558494440,196969,32
463982161,198229,5
463982161,198229,12
463982161,198229,31
1467071763,199739,32
1821905384,211897,31
1821905384,211897,32
1398240130,217256,12
1398240130,217256,13
1398240130,217256,31
1956561678,231504,15
1956561678,231504,26
1714148086,235861,13
1714148086,235861,31
1714148086,235861,32
266042723,238096,8
1736895185,238532,32
1420424909,241695,12
1420424909,241695,25
1420424909,241695,32
1990369179,259511,2
1990369179,259511,9
219541167,273679,5
219541167,273679,13
2068324143,275792,13
2068324143,275792,15
2068324143,275792,32
1038123516,283177,13
1038123516,283177,14
1038123516,283177,33
1935749902,284801,31
1935749902,284801,32
1249868373,288865,25
1249868373,288865,31
6054423,290900,9
6054423,290900,15
6054423,290900,31
6054423,290900,32
1164053587,314091,4
1164053587,314091,13
1164053587,314091,32
1164053587,314091,33
493221823,314910,31
493221823,314910,32
1174562800,315020,8
1174562800,315020,31
1837036789,315772,9
1837036789,315772,33
1837036789,315772,35
1464958641,319719,31
1464958641,319719,32
482887410,323641,12
482887410,323641,13
482887410,323641,15
482887410,323641,33
2056988018,324609,9
2056988018,324609,32
941743848,331608,4
941743848,331608,15
941743848,331608,16
941743848,331608,32
941743848,331608,33
750173869,337304,15
1185173934,343103,13
1185173934,343103,15
1185173934,343103,32
434127113,348997,10
434127113,348997,13
434127113,348997,32
688276456,368253,5
688276456,368253,13
1332106979,374773,13
1332106979,374773,32
1998209446,376404,13
1462907660,377637,5
1397834678,382522,31
1397834678,382522,32
2147,3,5
2147,3,13
2147,3,31
828592541,399,12
828592541,399,31
5341,403,12
5341,403,31
1673,816,13
1673,816,14
26450,858,5
26450,858,32
11520,882,13
11520,882,15
17945,1157,5
17945,1157,9
17945,1157,31
20269,1398,2
20269,1398,9
20269,1398,34
16695,1523,13
16695,1523,31
12093,2667,10
12093,2667,13
309949,2905,11
309949,2905,12
309949,2905,15
309949,2905,16
12153,3424,9
12153,3424,24
7244,3634,4
7244,3634,14
6347,3697,11
6347,3697,13
6347,3697,15
12332,3773,2
12332,3773,8
12332,3773,31
11861,4342,2
11861,4342,12
11861,4342,31
10534,5631,12
10534,5631,15
26415,7220,5
26415,7220,8
26415,7220,9
26415,7220,31
2478,7578,2
2478,7578,9
2478,7578,31
12645,10662,8
12645,10662,31
12830,11616,12
12830,11616,31
7834,11635,12
7834,11635,25
16183,12806,5
16183,12806,8
489657,15563,12
489657,15563,13
489657,15563,15
489657,15563,31
489657,15563,32
9488,18323,4
9488,18323,14
490912,19329,12
490912,19329,31
6264,22720,15
9038,24282,5
9038,24282,31
496200,27686,13
496200,27686,15
496200,27686,32
1735714125,29544,31
1735714125,29544,32
1137912957,33760,5
1137912957,33760,15
497530,36627,9
497530,36627,13
497530,36627,15
497530,36627,32
12424,48058,5
12424,48058,12
12424,48058,25
12424,48058,31
498484,55027,31
498484,55027,32
461182,61241,14
348,62161,15
348,62161,24
348,62161,35
11806,68804,14
578910847,76397,12
578910847,76397,13
578910847,76397,15
578910847,76397,31
501470,76738,12
501470,76738,13
501470,76738,14
12289,80852,4
12289,80852,14
503927,81443,32
510395,83844,11
510395,83844,15
509677,88461,12
509677,88461,15
509677,88461,16
509677,88461,24
1067802648,88991,9
1525180600,89538,13
1525180600,89538,32
31090,100301,7
511940,106112,11
511940,106112,13
511940,106112,15
511940,106112,32
512499,116166,5
512499,116166,12
512499,116166,13
512499,116166,31
512499,116166,32
514777,121567,2
514777,121567,8
514777,121567,9
514777,121567,31
514777,121567,32
513652,125836,13
993718842,130938,13
993718842,130938,32
1223313651,131802,15
1454095851,136180,15
1454095851,136180,35
791968461,143759,8
791968461,143759,31
791968461,143759,32
791968461,143759,33
95075021,152212,7
95075021,152212,13
95075021,152212,33
1944313612,158796,5
1944313612,158796,32
470840663,174521,5
1667657016,175338,14
1667657016,175338,33
585129618,182283,5
585129618,182283,8
585129618,182283,31
585129618,182283,32
1253103074,183194,12
656301314,189143,12
656301314,189143,13
656301314,189143,31
1948090606,192731,2
1948090606,192731,9
1948090606,192731,31
1948090606,192731,32
493772175,194137,12
493772175,194137,31
493772175,194137,32
1544207227,194466,4
1544207227,194466,12
1544207227,194466,31
1544207227,194466,32
1850336454,194507,8
1850336454,194507,25
1850336454,194507,31
1850336454,194507,32
1768767957,203449,9
1768767957,203449,31
1768767957,203449,32
1224724068,204627,9
1224724068,204627,31
1224724068,204627,32
48511970,210366,26
106621453,220381,13
106621453,220381,15
106621453,220381,32
408274885,229007,13
408274885,229007,15
408274885,229007,31
408274885,229007,32
1766084295,235852,12
1766084295,235852,13
1766084295,235852,31
1766084295,235852,32
1316527202,240584,9
1316527202,240584,13
1316527202,240584,31
1673351098,264931,12
1673351098,264931,16
1673351098,264931,24
1985981262,274333,13
1985981262,274333,15
1985981262,274333,32
495837244,280019,31
1223834781,283905,12
1223834781,283905,13
1223834781,283905,15
1223834781,283905,32
517708142,287606,13
517708142,287606,15
517708142,287606,32
41194820,292386,9
41194820,292386,31
41194820,292386,32
1313258364,292956,13
1313258364,292956,32
178519616,295300,13
178519616,295300,31
178519616,295300,32
2046238084,296332,5
2046238084,296332,8
2046238084,296332,31
2046238084,296332,32
2046238084,296332,33
655083035,297662,13
1333945,312302,10
1333945,312302,31
1333945,312302,34
1333945,312302,35
1404320231,315339,12
1404320231,315339,31
1404320231,315339,32
1521629618,319082,31
733861398,319519,5
733861398,319519,32
1197753778,322819,13
1197753778,322819,15
1197753778,322819,32
795308599,343412,7
795308599,343412,14
795308599,343412,31
706297117,344540,12
706297117,344540,32
113239409,346433,31
113239409,346433,32
1968258219,346465,13
1968258219,346465,32
1709058318,347114,2
595487334,348217,31
1307369715,348637,13
1307369715,348637,15
1307369715,348637,32
1376474879,369597,13
1376474879,369597,31
1376474879,369597,32
18165,302,11
18165,302,15
1982924512,397,12
1982924512,397,31
24664,763,25
24664,763,36
18104,1063,8
65858,1149,8
65858,1149,31
6973,1481,5
10882,1616,4
33586,3087,2
33586,3087,9
33586,3087,31
33586,3087,32
5723,3545,8
5723,3545,31
4918,5835,4
4918,5835,14
222434679,6630,12
82643811,8902,12
82643811,8902,15
82643811,8902,16
82643811,8902,31
2208,11695,31
8691,19258,8
494058,19545,31
494058,19545,32
493167,27575,5
493167,27575,13
493167,27575,15
493167,27575,24
493167,27575,32
943848705,28295,8
943848705,28295,9
943848705,28295,31
943848705,28295,32
943848705,28295,33
2106689756,39187,11
2106689756,39187,15
2106689756,39187,31
2017515797,42801,13
2017515797,42801,31
910,43614,12
910,43614,31
640668242,45592,10
500727,75297,4
500727,75297,14
27586,79100,12
313645,79901,7
32751,80019,14
19904,80550,12
1570364425,103496,12
287571466,110081,32
505253939,114186,9
505253939,114186,33
512991,119158,10
512991,119158,13
512991,119158,14
514528,122565,8
514528,122565,9
514528,122565,31
514528,122565,32
968525665,126299,12
968525665,126299,32
1533045811,128045,12
1533045811,128045,13
1533045811,128045,15
1533045811,128045,24
1533045811,128045,25
1533045811,128045,32
516477,131888,10
516477,131888,32
516477,131888,33
2094000972,132749,13
1625481434,136285,5
1625481434,136285,32
125415026,138583,4
125415026,138583,32
1478287544,153890,2
1478287544,153890,9
1478287544,153890,31
1478287544,153890,32
464896993,222097,8
386344283,227695,15
386344283,227695,31
386344283,227695,32
1713431107,237276,11
1713431107,237276,15
1713431107,237276,31
1713431107,237276,32
1548168878,237474,34
1631537664,258374,12
1631537664,258374,31
1631537664,258374,32
817050991,261085,5
594364859,264500,10
594364859,264500,13
862335539,267625,12
862335539,267625,15
862335539,267625,31
862335539,267625,35
296434986,306804,7
296434986,306804,13
296434986,306804,32
552716450,318093,12
552716450,318093,32
974753604,342138,12
974753604,342138,13
974753604,342138,31
974753604,342138,32
685685680,357763,31
685685680,357763,32
920350091,359617,31
920350091,359617,32
721781384,372560,32
